Tamb,I,Tcoolant_in,mass_flowrate_optimal,efficiency_gain_optimal
30.9,393,25.35789912443267,0.0001,0.00711169528104562
29.0,184,28.96573063477461,0.004746938775510205,0.00271392602649900
19.6,124,24.02742492998083,0.006969387755102042,0.00550082319771620
22.3,326,23.203473598855155,0.0065653061224489806,0.00929519973609066
25.1,536,29.238230063428624,0.008787755102040816,0.0130846831282838
27.5,728,22.611519161374513,0.005959183673469389,0.0165253927807632
29.6,886,20.83465794304137,0.004544897959183674,0.0192045885390689
31.3,992,22.974169785124715,0.005757142857142858,0.0208081345153386
32.6,1034,23.27319328881682,0.005555102040816327,0.0211320444670750
33.5,1014,26.24263513656055,0.0065653061224489806,0.0202368340434293
33.9,932,23.78478564009102,0.003736734693877551,0.0181898711686080
33.800000000000004,794,23.890828298309806,0.0001,0.0150907064931744
33.300000000000004,612,25.702366729054404,0.0003020408163265306,0.0110707427547469
32.300000000000004,403,25.41514406511543,0.0001,0.00725216033965558
30.0,191,26.351135097694005,0.0001,0.00295627536665687
20.700000000000003,128,28.662878284090237,0.008383673469387756,0.00508969500708569
23.9,331,25.34754647092281,0.006767346938775511,0.00867253255885342
27.1,542,24.245606502988437,0.005757142857142858,0.0123000365695395
29.8,732,26.836514525560144,0.006969387755102042,0.0155163158003771
32.0,890,21.291579279588095,0.0015142857142857145,0.0181489995490418
33.5,994,25.54150232567641,0.005959183673469389,0.0197854078728970
34.6,1039,26.986540865289943,0.0065653061224489806,0.0202687405575225
35.2,1015,24.636001414311284,0.004342857142857144,0.0194452222926183
35.300000000000004,932,24.4080556249011,0.0025244897959183677,0.0175202584097735
35.1,794,21.73652292499496,0.0003020408163265306,0.0156849539565738
34.5,612,24.365935139821012,0.0001,0.0112491917809979
33.5,405,26.58858481600296,0.0001,0.00674641017287757
31.3,193,26.123857048604012,0.0001,0.00330413330833017
23.1,129,23.264248904392275,0.004342857142857144,0.00403507204942334
26.5,332,24.934886536296975,0.004948979591836736,0.00749920187649414
30.4,544,24.102662942451236,0.002120408163265306,0.0108101954988402
33.2,735,21.618589433286054,0.0003020408163265306,0.0146353148860247
34.9,892,22.605938792560835,0.0001,0.0169945728639352
36.1,997,22.41034902423502,0.0001,0.0188033602402618
36.9,1039,29.944279313991473,0.006969387755102042,0.0191531071315586
37.4,1019,24.29559967644704,0.0001,0.0185570511555544
37.5,936,21.55978954242199,0.0003020408163265306,0.0182042874097805
37.3,800,29.297231059004336,0.004342857142857144,0.0135408215051964
36.7,619,25.801637598994883,0.0003020408163265306,0.0107480506488049
35.6,410,21.51509646545247,0.0003020408163265306,0.0100338255200175
33.0,197,24.37696428864324,0.0001,0.00473252917441638
24.4,131,25.846090805488647,0.005353061224489797,0.00348766551846540
28.0,338,27.23916737824318,0.005555102040816327,0.00694959051986910
31.8,553,23.196216701655256,0.0001,0.0108732457654364
34.5,748,27.863711416527966,0.004948979591836736,0.0136645113598278
36.1,904,26.49960986167685,0.003938775510204082,0.0164939115063762
37.3,1007,23.3451660639263,0.0003020408163265306,0.0183441452512892
38.1,1050,25.928559956267136,0.002726530612244898,0.0188360151997138
38.5,1030,24.74369008560991,0.0001,0.0183254102630946
38.6,946,22.495337281612695,0.0003020408163265306,0.0179187791070561
38.400000000000006,808,25.678671057903852,0.0003020408163265306,0.0140179254334119
37.7,625,25.678704612157453,0.0003020408163265306,0.0110327920942156
36.6,414,20.886842606345567,0.0003020408163265306,0.0107140484894461
33.9,199,21.549514507664547,0.0001,0.00668790052649767
24.3,131,25.11805553220632,0.004948979591836736,0.00353517603273434
27.6,338,21.500087945513105,0.0001,0.00791096653327682
31.1,552,25.57276754897266,0.003736734693877551,0.0106679905961535
33.4,745,27.965465218269983,0.005757142857142858,0.0141130478608043
34.800000000000004,899,20.150368673087403,0.0003020408163265306,0.0182065196810761
35.7,1000,24.994832398691425,0.003938775510204082,0.0188656719708682
36.3,1040,26.92445928907495,0.005555102040816327,0.0194719234581777
36.7,1015,22.89188357848901,0.0003020408163265306,0.0188016481964994
36.7,927,28.119151416781598,0.005151020408163266,0.0167255193381472
36.3,784,26.366049190306637,0.0001,0.0136929504436992
35.2,603,24.97552687117521,0.0001,0.0108400574365869
33.5,397,26.648946893378582,0.0001,0.00658168806119985
30.8,190,21.697971051079687,0.0001,0.00592518962122703
18.6,132,21.74892573476743,0.00636326530612245,0.00616544203757430
22.0,338,23.329561146465043,0.006767346938775511,0.00972945847291895
25.3,552,24.918183115240907,0.0071714285714285725,0.0133831020549354
27.6,746,22.977992168985136,0.006161224489795919,0.0168993318914775
29.5,902,25.104472910490873,0.007373469387755103,0.0196102272835292
30.9,1006,26.48004474645153,0.0077775510204081645,0.0213124248061671
31.9,1048,26.552291263347175,0.007575510204081634,0.0217803798741995
32.5,1026,23.65619830110268,0.005757142857142858,0.0209982597440355
32.7,943,23.079786908821518,0.004342857142857144,0.0190173739248901
32.4,804,27.177446729264314,0.00636326530612245,0.0159559070227791
31.700000000000003,622,24.846531788565756,0.002928571428571429,0.0120461697042487
30.5,412,24.99346071867146,0.0001,0.00766270163942880
28.3,198,26.965012482153256,0.0035346938775510208,0.00338280041032727
21.6,123,18.9425825212091,0.0001,0.00501039265962971
23.8,319,24.947996334027014,0.0065653061224489806,0.00842488641906269
31.0,392,25.85917640178193,0.0001,0.00693216984179445
28.9,196,23.570937990149528,0.0001,0.00453274637929662
20.8,129,25.11606562637492,0.006969387755102042,0.00507637239546991
23.8,329,26.204879389291907,0.0071714285714285725,0.00866775595346185
26.6,540,23.372046646664113,0.005555102040816327,0.0124887796555587
29.0,729,26.346321984024,0.0071714285714285725,0.0158269476619213
31.1,882,25.135260832727628,0.00636326530612245,0.0183809871143104
32.6,970,25.682108005108883,0.0065653061224489806,0.0196732552585467
22.0,129,29.314398235535933,0.008181632653061224,0.00452049498384429
25.3,330,27.208439779074347,0.006969387755102042,0.00799710838331559
28.6,541,23.151720059105863,0.0035346938775510208,0.0115789647016175
31.200000000000003,732,21.564773003380864,0.0001,0.0149558233482483
33.1,887,27.085357606048035,0.00636326530612245,0.0175338139943855
34.4,992,23.728807136081066,0.003938775510204082,0.0193129830266361
35.300000000000004,1035,24.716404409656068,0.004544897959183674,0.0198475213745207
35.9,1017,24.39167915923483,0.003130612244897959,0.0191556251680324
36.1,937,24.766194846730738,0.001312244897959184,0.0172529003444622
35.9,801,25.10075741146518,0.0001,0.0144220657890117
35.4,603,21.88131614990496,0.0003020408163265306,0.0126613536631237
34.4,405,23.768709802682142,0.0001,0.00832922628928170
24.1,121,27.994756700148983,0.006767346938775511,0.00336791578109916
26.700000000000003,321,25.63018760381514,0.005151020408163266,0.00713633613183657
29.3,529,23.62731568025294,0.003130612244897959,0.0109653315275498
31.200000000000003,716,26.096031227570904,0.005757142857142858,0.0144811889403735
32.2,866,26.840268773642087,0.0065653061224489806,0.0174822896297289
26.0,525,24.498879141346958,0.0065653061224489806,0.0124073186019902
28.0,693,23.742646821203113,0.006161224489795919,0.0154618060006105
31.4,1017,26.000502133929384,0.007373469387755103,0.0213211808523205
31.9,995,24.668409111738175,0.0065653061224489806,0.0205821906972647
32.0,912,27.215579627232763,0.0071714285714285725,0.0186334627781302
31.5,777,30.837516836828023,0.008181632653061224,0.0157498827026949
30.4,601,25.20272247648113,0.004544897959183674,0.0121562077037296
28.700000000000003,397,22.022688703245628,0.0001,0.00870562793552217
26.6,194,21.747053884878397,0.0001,0.00526016754953922
19.8,128,26.814381894726182,0.008181632653061224,0.00550450766366103
22.9,328,23.039726719092172,0.006161224489795919,0.00906701778057406
25.700000000000003,536,23.454544740273487,0.006161224489795919,0.0128146821807431
27.700000000000003,727,20.544529681448005,0.004140816326530613,0.0164131914624776
29.3,878,26.260575274431567,0.0077775510204081645,0.0191504460100469
30.6,980,26.715310975553162,0.007979591836734695,0.0208646095552692
31.700000000000003,1025,28.048794070131386,0.008181632653061224,0.0213532836474630
32.4,1003,23.206428871781025,0.005353061224489797,0.0205263767303837
32.0,608,29.880033484069955,0.006767346938775511,0.0115602294816438
31.0,404,30.37691760709228,0.006161224489795919,0.00716118831597934
29.3,197,23.667907590203473,0.0001,0.00455322095345025
21.9,125,26.71872099171431,0.0071714285714285725,0.00447082347336670
24.5,324,22.732385871819325,0.004746938775510205,0.00823083617531497
27.0,532,27.10666272364915,0.007373469387755103,0.0121006492993286
29.4,722,27.822025991345377,0.007575510204081634,0.0154698482604800
31.700000000000003,879,25.84716632199186,0.00636326530612245,0.0180228390972521
33.300000000000004,987,28.939255688223643,0.0077775510204081645,0.0197152887260111
34.4,1033,25.428700977976476,0.005757142857142858,0.0202339326781041
35.1,1013,25.370094360167997,0.004948979591836736,0.0194456966380732
35.4,935,20.92004688325185,0.0003020408163265306,0.0184308673235095
35.300000000000004,801,27.229213538065668,0.004140816326530613,0.0145132093171219
34.9,624,24.35980203661152,0.0001,0.0114802162540108
34.0,420,22.39324491086719,0.0001,0.00934160552389623
32.1,210,23.884285783401328,0.0001,0.00507024506656289
24.4,130,23.738525219554145,0.00333265306122449,0.00347018737384236
27.6,329,24.4915617672503,0.00333265306122449,0.00692323221368444
30.4,539,22.711339770218125,0.0001,0.0109607214697181
32.5,730,23.245816081631016,0.0001,0.0142414068599976
34.2,885,27.740254079789295,0.006161224489795919,0.0169611385941686
35.4,990,25.97090316782754,0.004948979591836736,0.0187802594198261
36.3,1036,23.55375226470643,0.0003020408163265306,0.0194021401971752
36.8,1015,22.59470278253926,0.0003020408163265306,0.0188504308075383
37.1,933,27.339104180176108,0.004140816326530613,0.0166738268169692
37.1,799,20.761505206847023,0.0003020408163265306,0.0165088828085781
36.6,620,22.686221587065273,0.0003020408163265306,0.0126154844349732
35.7,415,25.12102025479577,0.0001,0.00789310438291387
33.800000000000004,205,24.820788245396205,0.0001,0.00471273599763888
24.700000000000003,124,25.20493643438881,0.004544897959183674,0.00317895460504139
27.4,319,24.07142750419921,0.002726530612244898,0.00677290937622726
29.8,525,26.957386867244683,0.005757142857142858,0.0106256985326255
32.1,715,24.20817426648939,0.003130612244897959,0.0140403033271620
34.1,870,25.985662673603397,0.004948979591836736,0.0166702403016488
35.800000000000004,977,24.147640900102676,0.0019183673469387757,0.0183032390547645
37.0,1024,26.77666320964824,0.004746938775510205,0.0187765844603210
37.7,1009,28.283659408912936,0.005151020408163266,0.0180993247804735
37.9,933,23.052494272981985,0.0003020408163265306,0.0173663189921121
37.7,801,26.432303597281955,0.0001,0.0136615655864568
37.1,625,22.71381819805046,0.0003020408163265306,0.0127458424299782
36.0,420,19.785004653719007,0.0003020408163265306,0.0113832450369323
33.9,211,24.99590516415861,0.0001,0.00470655015452961
25.4,116,22.98229291366345,0.0001,0.00304079055362746
27.5,314,23.85645067313072,0.0017163265306122451,0.00660707071660181
29.8,499,22.5855973388107,0.0001,0.0103055252433621
31.700000000000003,700,27.868883234141872,0.00636326530612245,0.0138665741728727
33.1,852,27.52340784029345,0.00636326530612245,0.0167290768164280
34.0,955,21.45209161533121,0.0001,0.0188116447020758
34.7,1000,25.324240990177934,0.005151020408163266,0.0193444370370249
35.5,981,23.221901053020094,0.0001,0.0185652675146377
36.2,902,26.687246755963937,0.003938775510204082,0.0164001850819267
36.6,772,23.748960951965927,0.0003020408163265306,0.0143379766072303
36.4,599,23.789481455313478,0.0003020408163265306,0.0115922258469720
35.7,400,21.725077276734716,0.0003020408163265306,0.00976751885248593
34.1,198,30.454540921383554,0.0001,0.00122696008395919
27.6,126,25.697202578552172,0.0001,0.00197152219754464
30.9,324,27.38378396779071,0.0025244897959183677,0.00528423097008040
33.7,530,25.653581416192054,0.0001,0.00936531671649934
35.7,720,25.74859477105236,0.0001,0.0126850245853508
37.3,872,24.69073648711329,0.0003020408163265306,0.0154560702144977
38.6,974,25.30033448550191,0.0003020408163265306,0.0169625183756307
39.5,1020,27.910101985935786,0.003130612244897959,0.0174876664937176
40.0,1003,26.430459561961875,0.0003020408163265306,0.0169390046489160
40.3,924,25.830327287424247,0.0003020408163265306,0.0158842139563012
40.2,765,22.291541427712584,0.0003020408163265306,0.0154818673299266
39.7,596,24.480801691760036,0.0003020408163265306,0.0116066423516342
38.7,415,21.883692716617844,0.0003020408163265306,0.0104722333592478
36.8,208,19.733745975682655,0.0003020408163265306,0.00856033519345538
26.700000000000003,133,24.34412193565217,0.0001,0.00267766923376150
30.1,339,30.807024173629703,0.00636326530612245,0.00600162317921183
33.7,555,28.430338171510943,0.003938775510204082,0.00952234006200079
36.1,752,25.77767061183339,0.0001,0.0132183612169756
37.6,910,24.114898346515027,0.0003020408163265306,0.0164336718660074
38.7,1015,27.07867060777894,0.002928571428571429,0.0177607490210374
39.5,1060,24.052742629616773,0.0003020408163265306,0.0189650859257661
40.1,1039,26.622908834605877,0.0001,0.0177364076679424
40.2,953,25.226886317320012,0.0003020408163265306,0.0166671793206682
39.900000000000006,816,24.45752608873187,0.0003020408163265306,0.0149192465888690
38.8,638,28.813558263869258,0.0001,0.00963438592070861
36.9,429,26.731720711669563,0.0001,0.00728313845790445
34.300000000000004,217,27.24373379581499,0.0001,0.00346448481012648
22.8,139,22.46698040275684,0.003938775510204082,0.00442452087047455
26.1,335,26.706534139501,0.00636326530612245,0.00775175215339747
29.9,544,22.437688762556125,0.0001,0.0112056074540991
33.0,746,27.005153277968038,0.005353061224489797,0.0143277332281534
35.1,896,27.51104313076068,0.005555102040816327,0.0167840677484605
36.6,995,20.606121809070117,0.0003020408163265306,0.0195865529646304
37.6,1038,21.327276867059442,0.0003020408163265306,0.0199318999974836
38.2,1009,25.63620019455084,0.0001,0.0178879891161787
38.2,923,21.683089855672883,0.0003020408163265306,0.0179734782362061
37.8,806,25.85688720916301,0.0003020408163265306,0.0137977345086231
36.7,604,26.014634837996468,0.0003020408163265306,0.0103896590733460
32.9,216,23.839833482937802,0.0001,0.00533036405454309
23.6,134,22.447136683196124,0.0025244897959183677,0.00393775054151260
26.5,337,22.597507612575388,0.0017163265306122451,0.00763170385066935
29.3,547,23.639034812429372,0.00333265306122449,0.0113940353243177
31.700000000000003,737,23.354877417277265,0.002726530612244898,0.0147449949922780
33.6,892,30.877068741028122,0.007979591836734695,0.0174010573582843
35.2,996,23.26528448692153,0.0017163265306122451,0.0190234950670003
36.5,1042,26.015484187962528,0.004746938775510205,0.0194234365480034
37.4,1024,26.525075061678255,0.004140816326530613,0.0185857948560940
37.9,947,19.48079926437933,0.0003020408163265306,0.0195354767646837
37.9,815,23.98306463893742,0.0003020408163265306,0.0150205700405380
37.4,640,24.18960697406062,0.0003020408163265306,0.0121072292263104
36.3,435,26.22156114607565,0.0001,0.00758720887262184
34.0,223,24.41476410683677,0.0001,0.00525367954475916
23.700000000000003,138,21.39555001519246,0.0001,0.00408148335986873
26.8,347,25.586124985852354,0.005353061224489797,0.00772533884876150
30.1,564,26.73670007857204,0.005757142857142858,0.0114147698277171
32.800000000000004,759,26.164425127733278,0.004948979591836736,0.0147265309431296
34.800000000000004,916,30.586974382847057,0.007373469387755103,0.0173761321863109
36.3,1021,24.853683779317958,0.00333265306122449,0.0190519846431463
37.6,1067,26.290079947212615,0.004140816326530613,0.0194539384509689
38.400000000000006,1047,24.810303254046914,0.0001,0.0187377473162820
38.8,966,27.150024257077472,0.001312244897959184,0.0166139870825014
38.7,830,23.698687919732023,0.0003020408163265306,0.0154706821698026
38.1,652,23.45658721758535,0.0003020408163265306,0.0128176864029683
36.8,442,22.937730768258103,0.0003020408163265306,0.00981536189592029
34.1,223,23.60249926872463,0.0001,0.00577381508209045
21.9,139,24.16391534428441,0.005959183673469389,0.00482837844099990
25.6,349,25.665828140723118,0.006161224489795919,0.00832714934715481
29.3,555,25.16377386033281,0.004948979591836736,0.0115788776477281
31.9,747,28.396174048433686,0.006767346938775511,0.0148674914766914
33.800000000000004,917,23.890035093819396,0.003736734693877551,0.0178952536183049
35.300000000000004,1022,28.358106838646165,0.006767346938775511,0.0195446055447544
36.4,1068,25.37815111943965,0.004544897959183674,0.0200567524543311
37.1,1050,26.740685076119632,0.004948979591836736,0.0193121529367919
37.4,971,27.550961749871856,0.004544897959183674,0.0173892731940200
37.0,831,24.899533801514597,0.0003020408163265306,0.0146608421313138
35.800000000000004,648,29.63018157409616,0.004342857142857144,0.0107259841268034
33.800000000000004,436,20.119553799881114,0.0003020408163265306,0.0109979110709014
31.1,221,21.837795988820577,0.0001,0.00633390578946637
18.1,140,26.070188805028145,0.008585714285714287,0.00658771404551492
21.5,353,22.40258952854819,0.0065653061224489806,0.0103329873904018
25.1,574,26.376200243655852,0.007979591836734695,0.0140015515541290
28.0,774,22.930981731786098,0.006161224489795919,0.0173642360594174
30.3,935,23.33687859747987,0.006161224489795919,0.0199873910728264
32.4,1044,24.622507499818262,0.0065653061224489806,0.0214515807681640
33.9,1091,21.5397949038012,0.00333265306122449,0.0217936822450076
35.0,1072,26.680920053183343,0.00636326530612245,0.0208186287302663
35.6,989,24.051622047645427,0.0025244897959183677,0.0186697083596338
35.7,853,26.359102750873497,0.0035346938775510208,0.0155206895263427
35.300000000000004,671,17.93394005984353,0.0003020408163265306,0.0160888677980610
34.4,456,26.18443534238348,0.0001,0.00780268779123796
31.9,235,19.10355337187337,0.0001,0.00839603716244882
22.200000000000003,137,22.457443554767224,0.004544897959183674,0.00464681199007039
25.700000000000003,346,26.619545894461933,0.0065653061224489806,0.00820533651677174
29.3,563,28.59834956228737,0.0071714285714285725,0.0117604865930766
32.300000000000004,760,19.810443353884985,0.0003020408163265306,0.0159817215785112
34.5,919,25.41609157473821,0.004544897959183674,0.0176011638713370
36.1,1027,30.08579501952881,0.0071714285714285725,0.0192681053680019
37.3,1074,27.547855432934657,0.005555102040816327,0.0197507559165049
38.0,1057,27.00027113620921,0.004342857142857144,0.0190357655077337
38.3,982,28.214747511821432,0.004342857142857144,0.0172056348271526
38.3,847,26.463070890392245,0.0001,0.0144100113519152
37.7,664,24.675997378516826,0.0003020408163265306,0.0122396422797081
36.6,453,24.6045862338988,0.0003020408163265306,0.00888420373293409
33.800000000000004,233,29.85639115492389,0.0001,0.00211872491121020
21.5,141,25.466872922216417,0.006969387755102042,0.00505776707708728
25.200000000000003,355,25.916814425440286,0.0065653061224489806,0.00865796929154255
29.1,574,19.016050672606475,0.0001,0.0131805124023813
32.5,773,28.13274854845434,0.0065653061224489806,0.0151880487172892
35.300000000000004,933,22.860357199901685,0.0001,0.0177143075814269
37.3,1041,20.280573990782926,0.0003020408163265306,0.0205062634944309
38.6,1089,21.68581245181833,0.0003020408163265306,0.0205805579193902
39.400000000000006,1069,19.607905107434167,0.0003020408163265306,0.0213809701707818
39.7,981,28.075268355482994,0.002120408163265306,0.0165188147237446
39.6,843,29.247360611720943,0.0003020408163265306,0.0134485248834903
39.0,662,27.490736925469268,0.0003020408163265306,0.0106968566312758
37.8,451,26.36930448890447,0.0003020408163265306,0.00795827661238886
34.7,234,23.947928967303483,0.0001,0.00581807087772714
23.0,135,21.444881781612278,0.001312244897959184,0.00424007808554632
26.700000000000003,343,25.74405510591924,0.005555102040816327,0.00767334062249150
30.9,557,23.871990043195815,0.0001,0.0109103323043947
34.1,751,27.911674749995562,0.005353061224489797,0.0139222650100913
36.3,908,22.044035866982817,0.0003020408163265306,0.0174290194681397
37.9,1017,24.14291913003021,0.0003020408163265306,0.0182641049785921
39.0,1067,24.87474915376633,0.0001,0.0188659256133851
39.7,1048,30.622439988641005,0.005757142857142858,0.0180084172570799
40.1,966,24.20634297443903,0.0003020408163265306,0.0173961549072130
39.8,832,20.59697976330287,0.0003020408163265306,0.0174174642509252
38.900000000000006,653,22.44028245661767,0.0003020408163265306,0.0135822741532084
37.3,442,26.53741706150624,0.0001,0.00765553534949245
34.6,227,26.727429343566044,0.0001,0.00398060138438521
23.4,133,26.186064494014165,0.006161224489795919,0.00399045292381506
27.200000000000003,344,26.64207913604774,0.005757142857142858,0.00746513967873683
31.1,561,23.227466962936344,0.0001,0.0111237052915405
33.6,758,25.356535201588756,0.00333265306122449,0.0143290768483649
35.5,916,29.108145739264693,0.00636326530612245,0.0170450175691763
37.0,1022,23.831305529245256,0.0001,0.0188214402848948
38.0,1068,27.36722824192171,0.004746938775510205,0.0192803610567452
38.8,1050,29.234097876788464,0.005555102040816327,0.0184883737924926
39.2,972,28.062878831388556,0.002928571428571429,0.0165534574654038
39.2,837,27.82622323138737,0.0001,0.0136798752895373
38.6,656,22.9040757532359,0.0003020408163265306,0.0133072660931212
37.6,446,28.568001110206072,0.0001,0.00661420434321194
35.0,227,22.99088180410262,0.0001,0.00637271415575859
23.8,130,23.36468515255059,0.0035346938775510208,0.00374284500085085
27.6,339,21.301875222041097,0.0001,0.00802060740182835
31.6,555,24.584320800998356,0.0001,0.0105365911723282
34.300000000000004,752,24.55449768168935,0.0001,0.0139300564707636
36.1,911,25.433172038563846,0.002322448979591837,0.0166582520838118
37.5,1018,26.857621947120485,0.004342857142857144,0.0184019674997619
38.3,1065,19.794423703257987,0.0003020408163265306,0.0211636200510093
38.8,1048,22.84072173310332,0.0003020408163265306,0.0193536075101926
38.900000000000006,967,25.665633042507963,0.0001,0.0167538260456890
38.5,832,25.193568632918428,0.0003020408163265306,0.0146567208711440
37.8,650,26.704001035213473,0.0001,0.0108362093684193
36.5,440,30.733085532263306,0.0001,0.00555305481832254
33.9,224,27.14160962075977,0.0001,0.00356712928755744
25.9,122,23.593965448221006,0.0001,0.00284684879406585
29.5,324,26.28423005235659,0.002928571428571429,0.00592608544978756
32.9,536,25.90016180245984,0.0001,0.00950869491123137
35.4,729,25.63785652282723,0.0001,0.0129616704842529
37.2,885,22.440425735149798,0.0003020408163265306,0.0168913964172243
38.6,990,22.721368571294175,0.0003020408163265306,0.0184902019559285
39.6,1037,26.038550007583563,0.0001,0.0179598344342907
40.3,1023,27.17147847464595,0.0001,0.0172473462499706
40.8,947,26.64511715852709,0.0003020408163265306,0.0158451490640974
40.8,815,23.575615548120897,0.0003020408163265306,0.0155237308869446
40.7,639,26.25662167020956,0.0003020408163265306,0.0112930067791781
39.7,435,26.91377759881661,0.0003020408163265306,0.00768755023332283
37.7,222,28.36106930651164,0.0001,0.00341329572751083
30.0,125,22.47027704060388,0.0001,0.00433904599022829
33.4,329,26.430121562195925,0.0001,0.00556111146849116
36.7,541,26.582484595166818,0.0001,0.00908327509338049
39.400000000000006,735,25.77460302630607,0.0003020408163265306,0.0128863404609367
41.1,892,25.018917640122886,0.0003020408163265306,0.0158816435290479
42.2,999,27.816070546339787,0.0003020408163265306,0.0160832200717294
43.0,1047,26.49993492723133,0.0003020408163265306,0.0176007862475526
43.400000000000006,1030,27.27559715027662,0.0003020408163265306,0.0169476462762928
43.5,951,21.40986572368371,0.0003020408163265306,0.0190690370236718
43.3,821,27.496524224340867,0.0003020408163265306,0.0136027021918633
42.8,645,24.83372150446697,0.0003020408163265306,0.0126025749726322
41.900000000000006,440,22.45145617664839,0.0003020408163265306,0.0111038078511867
39.400000000000006,227,21.752979721046348,0.0003020408163265306,0.00804057691265487
31.8,123,24.57471077693173,0.0001,0.00330517474747895
35.2,326,26.69608564631933,0.0001,0.00557718030596862
38.6,537,27.413937775928567,0.0003020408163265306,0.00875087600238668
41.400000000000006,730,26.295310690020898,0.0003020408163265306,0.0127240176232089
43.0,884,25.283593976404777,0.0003020408163265306,0.0157780091669328
44.1,988,24.65943735552509,0.0003020408163265306,0.0177513500161956
44.8,1035,24.149580384742656,0.0003020408163265306,0.0187769325813332
45.2,1021,22.261232072336757,0.0003020408163265306,0.0197269147884852
45.2,945,27.990411581341487,0.0003020408163265306,0.0153530623757560
45.0,813,25.356388544115273,0.0003020408163265306,0.0149675602700215
44.3,639,26.607739550027034,0.0003020408163265306,0.0116362813143196
43.3,434,24.40389913997811,0.0003020408163265306,0.0100366087178401
40.6,222,24.09278015841219,0.0003020408163265306,0.00667053267473520
32.300000000000004,118,24.194642421167558,0.0001,0.00357560220560798
35.4,317,21.143329585772896,0.0003020408163265306,0.00886162088519530
38.900000000000006,526,26.79127592277534,0.0003020408163265306,0.00900404011221316
42.0,717,23.545203639425576,0.0003020408163265306,0.0142898958662046
43.900000000000006,875,24.270346175997986,0.0003020408163265306,0.0163479180552914
45.2,982,26.296115344588696,0.0003020408163265306,0.0168385666892026
46.0,1030,22.889615070387787,0.0003020408163265306,0.0195706235141197
46.400000000000006,1015,24.933038202252188,0.0003020408163265306,0.0182052367349776
46.6,937,26.07734909098642,0.0003020408163265306,0.0164717808130980
46.3,805,27.28078004140545,0.0003020408163265306,0.0138656623843791
45.7,632,30.78488481319179,0.0003020408163265306,0.00918569001868958
44.6,430,27.262177409134964,0.0003020408163265306,0.00836187472319040
41.900000000000006,221,23.577044313639156,0.0003020408163265306,0.00730461735278530
32.300000000000004,117,25.348956931107555,0.0001,0.00281801686788179
35.5,317,24.82590844298582,0.0001,0.00658207449493533
38.900000000000006,527,22.526549513273327,0.0003020408163265306,0.0117188059483344
41.6,719,25.460859414873635,0.0003020408163265306,0.0130930631949288
43.400000000000006,877,26.713118382941047,0.0003020408163265306,0.0149018154813706
44.7,987,28.2749010867922,0.0003020408163265306,0.0158068135357099
45.6,1037,24.82671865613485,0.0003020408163265306,0.0184935804832363
46.1,1025,25.574995599127327,0.0003020408163265306,0.0179441423805480
46.3,950,24.044254627895075,0.0003020408163265306,0.0178289711100637
46.1,820,20.23375274678793,0.0003020408163265306,0.0184468183185944
45.400000000000006,646,27.897022604089415,0.0003020408163265306,0.0111185026993775
44.2,440,25.273976021489464,0.0003020408163265306,0.00970055198992457
41.400000000000006,226,20.984056028317195,0.0003020408163265306,0.00905858820589121
30.700000000000003,122,29.621580914775958,0.002322448979591837,0.000417724857813198
34.5,339,26.1155072213434,0.0001,0.00601526411171695
38.0,561,27.995287544489905,0.0001,0.00877902497145687
40.1,760,20.000172221818186,0.0003020408163265306,0.0168116011457910
41.5,923,24.635665206080112,0.0003020408163265306,0.0165909274852857
42.7,1031,24.754038584214435,0.0003020408163265306,0.0182319053511942
43.5,1081,29.631571258712153,0.0001,0.0170050639862773
43.900000000000006,1072,23.886601228510077,0.0003020408163265306,0.0193815906795337
43.900000000000006,994,26.809030775743985,0.0003020408163265306,0.0166460362002728
43.400000000000006,859,31.499121374890006,0.0001,0.0122249181332571
42.400000000000006,682,30.74606775337639,0.0003020408163265306,0.00953070809951049
40.900000000000006,468,18.862503477632433,0.0003020408163265306,0.0136759709461921
37.6,244,28.304325238627797,0.0001,0.00375769923869495
26.0,129,21.643524041536057,0.0001,0.00418741343390271
29.6,343,29.42956280243124,0.005959183673469389,0.00633127360588002
33.4,565,26.05597079848159,0.0001,0.00996041902326857
36.6,766,24.083208319187932,0.0003020408163265306,0.0140623571562581
38.8,929,28.32797723504482,0.003130612244897959,0.0157729232529273
40.3,1040,25.531666115990056,0.0003020408163265306,0.0178883851337236
41.3,1089,27.222905540050157,0.0001,0.0182563789568613
42.0,1081,29.694038067968492,0.003130612244897959,0.0176457051067648
42.3,1002,21.85271525814264,0.0003020408163265306,0.0193856219735209
42.1,865,28.605412824313376,0.0003020408163265306,0.0135810643945695
41.5,681,28.62485185549077,0.0003020408163265306,0.0106458508689271
40.3,466,29.89818822074658,0.0001,0.00638985863673932
37.0,239,23.038693552844016,0.0001,0.00686547044646978
27.700000000000003,119,22.529707408446605,0.0001,0.00376412898445574
30.9,327,23.365675525167447,0.0001,0.00699151451996254
34.300000000000004,545,27.758972282576334,0.001312244897959184,0.00901387170640804
37.2,744,32.19425945445475,0.005959183673469389,0.0122909985566256
39.3,909,26.2061437375382,0.0003020408163265306,0.0153480511173145
40.7,1021,27.074822450457663,0.0001,0.0170600825558459
41.7,1071,22.313607416198412,0.0003020408163265306,0.0200820072187929
42.3,1056,26.389814003740113,0.0003020408163265306,0.0177623037553332
42.400000000000006,979,23.328363342983575,0.0003020408163265306,0.0182196812759543
42.1,841,22.124779839510303,0.0003020408163265306,0.0169247748214095
41.3,659,25.691879846071952,0.0003020408163265306,0.0120215305944760
39.900000000000006,448,26.86105779581089,0.0003020408163265306,0.00794374422733980
37.1,229,27.929264706311496,0.0001,0.00369020863292082
25.700000000000003,122,29.971800245194707,0.006969387755102042,0.00266379736309778
29.200000000000003,331,20.788781909260596,0.0001,0.00834457528342579
32.7,550,25.65296060886046,0.0001,0.00991655415241179
35.1,749,26.281294703128218,0.002120408163265306,0.0134129235254640
36.9,913,24.704224224391318,0.0001,0.0164959441104813
38.3,1023,26.845960718246946,0.00333265306122449,0.0181317742731644
39.3,1072,26.99818300061019,0.002928571428571429,0.0187477004705816
40.0,1058,26.061261005231753,0.0001,0.0182359083016352
40.400000000000006,983,20.012257175936853,0.0003020408163265306,0.0199892470693054
40.5,849,21.055494412378103,0.0003020408163265306,0.0174733444607516
40.0,666,27.39919539490874,0.0003020408163265306,0.0109296765832465
39.0,454,25.323156771407575,0.0003020408163265306,0.00884963037470408
36.3,235,24.94842609941494,0.0001,0.00549526684202039
26.200000000000003,118,24.933881067330706,0.0017163265306122451,0.00235571579936338
29.700000000000003,325,26.373697935576637,0.002928571428571429,0.00585893097842107
32.9,542,24.555076674851332,0.0001,0.0100914268396175
35.300000000000004,740,26.47365095698171,0.0017163265306122451,0.0131106313924034
37.4,898,25.074040950913744,0.0001,0.0159130729187247
39.0,1006,23.39303130208985,0.0003020408163265306,0.0184145302610369
40.2,1054,24.568937162670224,0.0003020408163265306,0.0186091834251777
40.900000000000006,1037,25.186728756977597,0.0003020408163265306,0.0180588119303194
41.2,961,20.727263920325683,0.0003020408163265306,0.0193437765878344
41.0,826,22.28267406069223,0.0003020408163265306,0.0164687055582527
40.400000000000006,649,28.794134646762732,0.0003020408163265306,0.00989261719263530
39.3,442,27.25075651168074,0.0003020408163265306,0.00749545406499201
36.6,227,23.125633886002287,0.0001,0.00657157763996648
27.3,116,25.307038826494303,0.0001,0.00188820929381241
30.4,321,27.240511707525698,0.003130612244897959,0.00543910684753853
34.0,534,25.187910812005754,0.0001,0.00959867749494985
36.7,727,23.682843890936105,0.0003020408163265306,0.0136766124585933
38.3,885,28.3619586949908,0.003130612244897959,0.0150128637236261
39.400000000000006,993,26.170528619053087,0.0001,0.0170437169973168
40.1,1042,24.670472733523678,0.0003020408163265306,0.0183741027840598
40.5,1029,26.79901510367962,0.0001,0.0173233441938066
40.6,953,29.23607374740309,0.0019183673469387757,0.0154588344809798
40.5,819,25.49270842136608,0.0003020408163265306,0.0144438903280859
40.0,640,20.705022687099525,0.0003020408163265306,0.0146729085372349
39.1,431,25.494604277193087,0.0003020408163265306,0.00844114909396189
36.6,217,26.129679366744057,0.0001,0.00454549413572058
28.0,110,24.012091057757207,0.0001,0.00275149902455995
31.0,308,25.870662482836206,0.0001,0.00532942743526789
34.300000000000004,516,25.840107046492793,0.0001,0.00897739465849489
37.1,706,27.91979954108556,0.0001,0.0115414551743696
38.900000000000006,859,22.1454501275566,0.0003020408163265306,0.0168057577780980
40.2,961,26.18666358122527,0.0003020408163265306,0.0162659326374929
41.1,1007,24.87436875424643,0.0003020408163265306,0.0177255607066839
41.8,991,25.170999720957862,0.0003020408163265306,0.0173642188463930
42.1,915,26.330374338840148,0.0003020408163265306,0.0155884105163590
42.1,786,25.97411623152845,0.0003020408163265306,0.0138344001456841
41.6,613,24.93216002228897,0.0003020408163265306,0.0118735630225750
40.7,411,27.42549979897136,0.0003020408163265306,0.00720914211938074
38.7,204,28.07958298971882,0.0001,0.00352125605486616
32.2,98,22.22812870338413,0.0001,0.00454613322322530
35.300000000000004,289,28.978522359370025,0.0001,0.00368667827722632
38.2,496,25.674897002851317,0.0003020408163265306,0.00913214810418010
40.2,688,23.554390000982817,0.0003020408163265306,0.0136081844681068
41.6,843,26.86701500535941,0.0003020408163265306,0.0141375509598794
42.7,948,24.855746554106286,0.0003020408163265306,0.0169386907553998
43.5,999,23.291493142643645,0.0003020408163265306,0.0186324196876530
44.0,989,24.94164171713127,0.0003020408163265306,0.0175969289289709
44.3,919,24.64149952998809,0.0003020408163265306,0.0167968614212556
44.2,790,27.074404419654527,0.0003020408163265306,0.0134972241314096
43.6,619,23.8198611320727,0.0003020408163265306,0.0130229269326392
42.6,418,23.54507093400142,0.0003020408163265306,0.0102243336882132
40.7,211,20.841999386899257,0.0003020408163265306,0.00875721970698421
32.5,98,25.79165958039416,0.0001,0.00229416889062933
35.5,289,24.535152876532166,0.0001,0.00638035631831612
38.1,495,23.29404158299884,0.0003020408163265306,0.0106191415751868
39.900000000000006,686,24.12125721779413,0.0003020408163265306,0.0131827682518455
41.6,844,26.033655241769154,0.0003020408163265306,0.0146249086888907
42.900000000000006,952,31.295079532482674,0.000706122448979592,0.0143436840630940
43.900000000000006,1002,22.064914087401878,0.0003020408163265306,0.0194308742672037
44.6,987,24.669905609586817,0.0003020408163265306,0.0177783229871978
45.0,912,23.16448145810875,0.0003020408163265306,0.0176716608603456
44.8,785,22.857439385200202,0.0003020408163265306,0.0161037478279330
44.2,604,25.325959994622014,0.0003020408163265306,0.0119577224343132
43.1,413,24.51869596306689,0.0003020408163265306,0.00959669652276319
32.2,102,25.127028793946867,0.0001,0.00271910406517555
34.800000000000004,295,20.3728721079478,0.0003020408163265306,0.00893942736308460
38.900000000000006,685,20.771462701521926,0.0003020408163265306,0.0150783381628479
40.6,844,24.140164164775065,0.0003020408163265306,0.0155966389179686
42.2,949,23.002537133986348,0.0003020408163265306,0.0179514102675356
43.5,999,23.03636522040361,0.0003020408163265306,0.0187795890308222
44.5,987,25.008517045045654,0.0003020408163265306,0.0175750771405074
45.1,914,23.253535556532952,0.0003020408163265306,0.0176584171921045
45.2,787,22.86034884863787,0.0003020408163265306,0.0161883258053194
44.900000000000006,616,28.94899759679176,0.0003020408163265306,0.00995268025244992
44.1,417,25.37818608354765,0.0003020408163265306,0.00932219703429675
42.2,211,22.106895995888607,0.0003020408163265306,0.00827995575252930
32.300000000000004,103,26.0068148359666,0.0001,0.00218044048108511
35.800000000000004,300,27.66410200737087,0.0001,0.00469200909479016
39.0,509,25.740825829263343,0.0003020408163265306,0.00940921150777936
41.1,701,28.665295429940937,0.0003020408163265306,0.0108710149999454
42.900000000000006,858,24.449089656056763,0.0003020408163265306,0.0158751411028623
44.3,964,27.668657689466176,0.0003020408163265306,0.0157581838131032
45.3,1015,22.97542818229704,0.0003020408163265306,0.0192303652125087
45.900000000000006,1000,23.63291300238037,0.0003020408163265306,0.0187064890960457
46.1,784,24.843834217518353,0.0003020408163265306,0.0150521336358166
45.6,626,28.744677204724024,0.0003020408163265306,0.0103294160108868
44.7,424,24.37108360783915,0.0003020408163265306,0.0101887407528356
42.3,214,28.192723735669272,0.0001,0.00422834955178677
33.7,97,26.0294578681202,0.0001,0.00236693213359403
35.6,287,27.11034310077503,0.0001,0.00479051653120651
37.3,487,27.13780036075582,0.0001,0.00798227100968107
39.0,670,19.41550511690502,0.0003020408163265306,0.0157455494940145
40.7,823,25.819787887763983,0.0003020408163265306,0.0143515710496430
42.3,933,27.964838631385298,0.0003020408163265306,0.0150110005773384
43.7,982,25.52665280588641,0.0003020408163265306,0.0171428064967771
44.6,964,24.804872582728656,0.0003020408163265306,0.0173720382886205
45.1,887,27.250129206530616,0.0003020408163265306,0.0149050335236001
45.3,738,24.391461830925483,0.0003020408163265306,0.0145757019468359
44.1,396,26.07227824318708,0.0003020408163265306,0.00855533939464896
42.1,194,22.123242977308426,0.0003020408163265306,0.00800628760160950
32.9,90,27.21301848376554,0.0001,0.00133540467944523
35.300000000000004,279,22.196378750067797,0.0001,0.00764383333707094
38.2,484,27.00444140523852,0.0003020408163265306,0.00812193986054053
40.8,674,25.459764187695303,0.0003020408163265306,0.0123100677607148
42.8,833,22.082495031156796,0.0003020408163265306,0.0169335961402570
44.400000000000006,946,21.851185128004946,0.0003020408163265306,0.0188511628445713
45.5,995,22.095979963157582,0.0003020408163265306,0.0195106204337030
46.0,979,22.633415570535647,0.0003020408163265306,0.0190339876591036
46.2,901,28.89372201315266,0.0003020408163265306,0.0142876615511583
45.900000000000006,774,24.950453306582162,0.0003020408163265306,0.0148204806495785
45.1,602,30.66366757398804,0.0003020408163265306,0.00870888591641068
43.900000000000006,403,20.32961945444069,0.0003020408163265306,0.0124462577361338
42.0,198,27.33216756980087,0.0001,0.00449097921026489
36.3,267,26.046655285458236,0.0001,0.00525660335460112
44.3,933,25.29384727027653,0.0003020408163265306,0.0166131101747960
45.5,938,23.521954493035803,0.0003020408163265306,0.0178748438394462
46.3,969,26.81687171477332,0.0003020408163265306,0.0164599580612120
46.5,896,22.94611612610489,0.0003020408163265306,0.0178017042200078
46.3,768,21.475227919472108,0.0003020408163265306,0.0170005863388502
45.7,597,23.3400020591899,0.0003020408163265306,0.0134179693465970
44.6,398,27.68183794157382,0.0003020408163265306,0.00763919514339429
42.8,195,28.090995432870265,0.0001,0.00412463702159423
38.1,274,27.90377470225851,0.0001,0.00450344985388056
40.8,484,26.618266558301414,0.0003020408163265306,0.00881555259096279
42.6,680,26.482331677128805,0.0003020408163265306,0.0120470382049544
44.2,835,23.84394008573246,0.0003020408163265306,0.0160870280083868
45.5,941,29.582863354645852,0.0003020408163265306,0.0144482037958150
46.400000000000006,992,22.994270782074736,0.0003020408163265306,0.0190438777515591
47.0,982,25.28377493407463,0.0003020408163265306,0.0176118626686417
47.3,912,25.065390641024752,0.0003020408163265306,0.0168284755318436
47.1,786,25.73754885574566,0.0003020408163265306,0.0146785008995447
46.400000000000006,615,18.64131984611345,0.0003020408163265306,0.0168800912515673
45.2,414,19.532259404738515,0.0003020408163265306,0.0134214905392122
43.0,206,28.941068327820876,0.0001,0.00378376611774591
34.1,93,25.118125381972046,0.0001,0.00298186960190962
37.4,287,26.57363873563095,0.0001,0.00540270674948567
40.2,494,23.45543465339411,0.0003020408163265306,0.0108817834479378
42.2,685,24.976762404971204,0.0003020408163265306,0.0129860965127192
43.8,842,24.849888737430007,0.0003020408163265306,0.0155163935065371
45.2,950,26.333725266665645,0.0003020408163265306,0.0163558612411817
46.2,999,24.5989235509504,0.0003020408163265306,0.0181567731013702
46.8,984,26.03524182083184,0.0003020408163265306,0.0171746176494597
47.1,909,26.40260958824515,0.0003020408163265306,0.0159528612400837
46.900000000000006,783,26.85699801602345,0.0003020408163265306,0.0139076214335661
46.3,604,25.37095980045917,0.0003020408163265306,0.0123012968244279
45.3,412,23.650410277229042,0.0003020408163265306,0.0106485593342761
43.1,204,27.51412004178841,0.0001,0.00467566744899910
34.4,93,27.212793086036985,0.0001,0.00167423228382953
37.7,288,23.679320218844364,0.0001,0.00722746696047182
40.6,497,24.054528539640902,0.0003020408163265306,0.0105922393964864
42.6,690,25.184801847685474,0.0003020408163265306,0.0129857468581248
44.3,829,24.133741803060573,0.0003020408163265306,0.0158423785628218
47.3,993,29.99142767817183,0.0003020408163265306,0.0151341150701888
47.6,919,23.89591006438277,0.0003020408163265306,0.0176837282680749
47.6,792,22.490193383749485,0.0003020408163265306,0.0168930628064052
47.1,618,21.281125965054134,0.0003020408163265306,0.0153142003808942
46.2,416,26.10516764873449,0.0003020408163265306,0.00925120903679445
43.8,207,21.895244386346487,0.0003020408163265306,0.00875836670703629
33.9,92,25.121014162899375,0.0001,0.00292637545897844
37.3,289,25.34966203179572,0.0001,0.00616390699149218
40.8,498,17.908727506541034,0.0003020408163265306,0.0146828753879500
42.900000000000006,691,24.895869881540207,0.0003020408163265306,0.0132264617506214
44.5,849,25.30701435515477,0.0003020408163265306,0.0154392736013401
45.8,960,27.11548455085133,0.0003020408163265306,0.0161108910383298
46.900000000000006,1013,26.125098433785364,0.0003020408163265306,0.0175383485377798
47.8,1001,19.48881108913039,0.0005040816326530613,0.0215676991981398
48.3,928,23.196008492966307,0.0003020408163265306,0.0183414559650060
48.400000000000006,800,26.962790993582598,0.0003020408163265306,0.0143108964429149
48.0,624,26.83554714104754,0.0003020408163265306,0.0119447787112304
47.0,421,24.671416954312427,0.0003020408163265306,0.0104691823187856
44.5,209,22.671947185536,0.0003020408163265306,0.00842616045386328
32.4,86,25.60036588405566,0.0001,0.00221956916447898
34.4,274,21.51466824850685,0.0001,0.00784422808312967
36.9,485,25.58239481469305,0.0003020408163265306,0.00879947958095316
42.1,719,28.6368089274811,0.0003020408163265306,0.0112789238717361
41.400000000000006,379,24.29491207273933,0.0003020408163265306,0.00892337372156755
39.900000000000006,189,26.39400694103386,0.0001,0.00458718955034037
31.8,77,29.460879813582817,0.0001,-0.000580062699769215
41.7,849,25.961544501996716,0.0003020408163265306,0.0147440831318884
40.900000000000006,733,26.851122131049927,0.0003020408163265306,0.0123844765120456
39.0,442,27.93406323784874,0.0003020408163265306,0.00702750919915846
40.900000000000006,652,20.116697524725208,0.0003020408163265306,0.0153568017887577
42.400000000000006,783,17.922989170153116,0.0003020408163265306,0.0188056063345660
45.1,893,25.974696009268232,0.0003020408163265306,0.0157393371870183
44.900000000000006,766,24.609235977397926,0.0003020408163265306,0.0147637996950023
44.400000000000006,593,25.73077843177736,0.0003020408163265306,0.0115840272620211
43.5,393,22.77514767470679,0.0003020408163265306,0.0105763328260890
41.6,189,26.40282018914654,0.0001,0.00490151074648589
34.1,80,25.42807118820448,0.0001,0.00259842469191303
37.4,269,24.8333350888034,0.0001,0.00621195610346444
40.6,475,25.0521410297293,0.0003020408163265306,0.00963557549580691
46.2,970,26.37122391842009,0.0003020408163265306,0.0167183612411543
46.7,755,27.904120611228908,0.0003020408163265306,0.0128488717169142
45.1,388,27.192929496926517,0.0003020408163265306,0.00791378885089012
43.2,185,24.06209947361244,0.0003020408163265306,0.00680901132495835
42.1,479,24.50709194280092,0.0003020408163265306,0.0103363512529304
44.1,672,24.79337413242645,0.0003020408163265306,0.0132139394080987
45.5,821,24.98229024811979,0.0003020408163265306,0.0153777395602743
47.400000000000006,991,25.185795577194252,0.0003020408163265306,0.0178410484916502
47.900000000000006,976,23.83637572198009,0.0003020408163265306,0.0185184249076335
48.0,900,22.09463214417081,0.0003020408163265306,0.0186205427673267
47.6,771,22.483638904921104,0.0003020408163265306,0.0166301777190723
46.900000000000006,597,22.622672725657104,0.0003020408163265306,0.0141222757773297
45.7,396,29.05814973799169,0.0003020408163265306,0.00690918147394557
43.400000000000006,188,24.121314653215926,0.0003020408163265306,0.00685349873481445
33.800000000000004,79,28.15414347746455,0.0001,0.000741404873032223
37.4,271,24.877977851545673,0.0001,0.00620963027399417
40.6,481,24.15608187198148,0.0003020408163265306,0.0102927485811409
42.6,674,27.071933501188006,0.0003020408163265306,0.0116012564748509
46.400000000000006,991,25.935564539837344,0.0003020408163265306,0.0172878362946318
47.2,906,30.231544653241453,0.0003020408163265306,0.0137011265946240
47.0,776,24.15869483195473,0.0003020408163265306,0.0155208436489803
46.3,600,25.203606739691182,0.0003020408163265306,0.0123717908428462
45.0,393,28.425037090273836,0.0003020408163265306,0.00713993148018930
42.7,183,22.806458531909843,0.0003020408163265306,0.00752851632617253
34.6,74,24.630189124186312,0.0001,0.00313842658175622
37.9,260,25.57944861008039,0.0001,0.00570725108457542
41.1,463,23.976902520741863,0.0003020408163265306,0.0102725525427016
43.0,661,27.714668958957173,0.0003020408163265306,0.0110816577686802
44.3,819,24.716765617019313,0.0003020408163265306,0.0153450937989962
45.2,928,24.5913829346091,0.0003020408163265306,0.0170570408296358
44.8,737,22.99413471124175,0.0003020408163265306,0.0153593219753392
44.400000000000006,567,26.633973692382323,0.0003020408163265306,0.0106387734620700
43.900000000000006,369,23.494417473043324,0.0003020408163265306,0.00985401466171399
42.0,170,25.790651530278396,0.0003020408163265306,0.00513307496816210
37.3,245,24.28976040803321,0.0001,0.00622455895783441
40.2,455,25.22760033004377,0.0003020408163265306,0.00917563207792686
42.5,634,27.559659411739492,0.0003020408163265306,0.0107077957371243
44.0,806,26.96808325901387,0.0003020408163265306,0.0137765676357077
45.1,917,22.35992093470917,0.0003020408163265306,0.0182433987545355
45.8,968,24.451612341067545,0.0003020408163265306,0.0177696771568977
46.2,958,24.811012195434007,0.0003020408163265306,0.0174659999246685
46.2,888,27.959481884552694,0.0003020408163265306,0.0146298291318146
46.0,732,25.27010444938368,0.0003020408163265306,0.0140581052329631
45.400000000000006,578,25.55924059521509,0.0003020408163265306,0.0116532998028330
44.5,384,26.74243655280592,0.0003020408163265306,0.00803384644132070
42.400000000000006,179,28.159005652049743,0.0001,0.00379668284428507
32.6,70,23.985481952406335,0.0001,0.00308945194921911
35.0,244,24.710922929599526,0.0001,0.00554685567975157
37.3,458,25.45153654678274,0.0003020408163265306,0.00852487600364253
39.1,641,24.72811374212909,0.0003020408163265306,0.0120303280743315
37.4,543,23.51372906347181,0.0003020408163265306,0.0110676182080594
37.3,370,24.90480317568972,0.0001,0.00759074516859722
37.0,170,27.144031016504933,0.0001,0.00332306854118283
39.7,373,25.03471994033749,0.0003020408163265306,0.00801105451676233
38.6,170,23.395916472948414,0.0001,0.00597261889240865
30.8,247,26.688565712172114,0.0001,0.00381832154620770
33.7,454,24.98026723925807,0.0001,0.00834140566284590
36.6,647,26.953202733703232,0.0001,0.0107687233131476
39.0,809,20.972942913467456,0.0003020408163265306,0.0167655559739785
40.7,922,22.231907601289066,0.0003020408163265306,0.0178595686816795
42.8,961,27.543507502971536,0.0003020408163265306,0.0157057469878519
43.2,855,28.508901743830275,0.0003020408163265306,0.0135616385486737
43.3,758,28.081915627043717,0.0003020408163265306,0.0123332683687247
43.0,586,23.846315443552143,0.0003020408163265306,0.0124235453148755
42.2,384,26.3370439788748,0.0003020408163265306,0.00780161127629451
40.3,177,26.046189057805513,0.0001,0.00471368012493380
30.200000000000003,75,22.955331483373826,0.0001,0.00334378951648314
33.9,276,25.709013881834522,0.0001,0.00521555531399872
37.3,495,22.369602717697795,0.0003020408163265306,0.0110607405690299
39.5,697,25.651424235940585,0.0003020408163265306,0.0123813467962924
41.1,862,23.979584928477184,0.0003020408163265306,0.0160065162483707
42.3,975,27.949897683614953,0.0003020408163265306,0.0156685218823027
43.1,1030,25.893579268138293,0.0003020408163265306,0.0176402809132905
43.5,1017,24.455720347780364,0.0003020408163265306,0.0182351324380672
43.6,940,25.744140973017803,0.0003020408163265306,0.0163976178584079
43.3,806,26.671101802048483,0.0003020408163265306,0.0138669720146161
42.5,622,25.912231020789253,0.0003020408163265306,0.0115441552141148
41.2,410,24.309068470802476,0.0003020408163265306,0.00930391792604261
38.2,189,32.40511672810813,0.0001,0.000510010145842613
28.3,74,23.733321287295578,0.0001,0.00240742979469659
32.1,277,27.26042872254578,0.0001,0.00413964360925372
35.7,499,24.706961850594553,0.0003020408163265306,0.00938839876297369
38.5,704,26.76900481778677,0.0003020408163265306,0.0117393416479939
40.3,870,28.34474749600193,0.0001,0.0138973200291434
41.6,983,25.069421488491994,0.0003020408163265306,0.0172845871993574
42.5,1035,24.949418179740533,0.0003020408163265306,0.0181836751845258
43.1,1021,24.96018133563748,0.0003020408163265306,0.0179942832113462
43.3,944,25.242808284488984,0.0003020408163265306,0.0167088992830308
43.2,807,25.25523942624191,0.0003020408163265306,0.0146968351745546
42.6,625,23.852259806478326,0.0003020408163265306,0.0128977491260628
41.5,410,25.368753444048732,0.0003020408163265306,0.00866959173987964
38.5,188,21.781127339293334,0.0003020408163265306,0.00728062925892066
28.8,72,27.807816128662637,0.0001,4.81434219214903e-5
31.8,277,23.283462239089452,0.0001,0.00639116885537180
35.2,500,26.357066881086148,0.0001,0.00847345775076421
38.6,706,22.991418386791842,0.0003020408163265306,0.0139816966674191
41.1,874,28.70127673515504,0.0003020408163265306,0.0135257096548335
42.6,991,23.58232578038406,0.0003020408163265306,0.0182713005256086
43.7,1044,23.080953485278876,0.0003020408163265306,0.0194126485943093
44.400000000000006,1029,17.146533051727264,0.0003020408163265306,0.0228434555510391
44.6,948,17.740203303065602,0.0003020408163265306,0.0214478549886885
44.2,811,24.605165091668848,0.0003020408163265306,0.0152851979234185
43.400000000000006,626,20.104794015862176,0.0003020408163265306,0.0154828988437934
42.0,410,26.47814105361574,0.0003020408163265306,0.00803843696862398
38.6,187,27.175239646956367,0.0001,0.00383729999387183
29.6,69,26.81126734751349,0.0001,0.000588755114981041
32.6,267,23.834277710643534,0.0001,0.00603572019258124
35.800000000000004,484,22.28768040633298,0.0003020408163265306,0.0106652275800674
38.8,684,25.79310155903535,0.0003020408163265306,0.0120195249834526
41.0,846,23.916732015210652,0.0003020408163265306,0.0158042958497670
42.5,959,24.908440815235046,0.0003020408163265306,0.0170577638429659
43.6,1011,25.108961782856145,0.0003020408163265306,0.0177952799090922
44.400000000000006,1000,29.482539072011313,0.0003020408163265306,0.0153852310855449
44.8,925,25.006318690499665,0.0003020408163265306,0.0167240189973618
44.7,789,27.793152286464796,0.0003020408163265306,0.0131257797518200
44.1,605,22.916674316952935,0.0003020408163265306,0.0135062980753162
42.8,390,27.67844176597138,0.0003020408163265306,0.00713546109314504
39.7,172,26.029348052226492,0.0001,0.00456452792820577
30.200000000000003,64,19.143454484056413,0.0001,0.00567965297757621
33.6,257,21.8473606505654,0.0001,0.00727791989756839
37.3,470,25.445356313585844,0.0003020408163265306,0.00872558074530420
40.3,668,25.762096557080355,0.0003020408163265306,0.0119858035536277
42.0,816,24.30703528003415,0.0003020408163265306,0.0152504295892778
43.2,940,25.383795614821143,0.0003020408163265306,0.0165660229611679
44.0,987,28.726089818369086,0.0003020408163265306,0.0155341058097912
44.5,963,25.982986671490217,0.0003020408163265306,0.0166789825295307
44.5,893,29.482095297235958,0.0003020408163265306,0.0137019947651526
44.1,758,25.49625327073422,0.0003020408163265306,0.0139889734486671
43.2,578,26.79651711176675,0.0003020408163265306,0.0104859028244158
41.7,371,26.610387496550768,0.0003020408163265306,0.00732743761144726
39.3,162,25.432393066226496,0.0001,0.00471712862219508
40.6,913,19.815435111575898,0.0003020408163265306,0.0191361110255996
41.6,962,23.64682892332342,0.0003020408163265306,0.0177240199220949
42.2,948,22.818310050228472,0.0003020408163265306,0.0180468263608246
42.400000000000006,838,24.57008599298196,0.0003020408163265306,0.0154520343744765
42.1,714,23.819493882170292,0.0003020408163265306,0.0140965802975393
33.6,245,24.85724096061526,0.0001,0.00522973086713709
36.0,455,20.07477080425674,0.0003020408163265306,0.0117043111963735
37.9,650,23.91220300576676,0.0003020408163265306,0.0124995066146812
41.400000000000006,908,29.501206265103878,0.0001,0.0141886610682380
40.900000000000006,866,28.573928039317064,0.0003020408163265306,0.0134402945441960
40.6,737,22.72039369976399,0.0003020408163265306,0.0148812867024881
40.3,563,25.43430566615,0.0003020408163265306,0.0106209721466645
39.5,360,30.073212645955536,0.0001,0.00465477128293164
37.8,154,26.034385182861843,0.0001,0.00395738630273056
33.1,244,27.636295156184932,0.0001,0.00347316038983882
35.300000000000004,456,24.08690948742784,0.0001,0.00905598435446663
36.9,653,23.92252930926543,0.0003020408163265306,0.0124079011495144
38.0,816,25.29956737316531,0.0003020408163265306,0.0143074880562140
38.8,929,27.055063789870168,0.0001,0.0158185761913016
39.3,981,24.926275357504196,0.0003020408163265306,0.0172249034874200
39.5,967,24.794621422934732,0.0003020408163265306,0.0170901973394047
39.6,891,24.529514733207407,0.0003020408163265306,0.0160136615435977
39.400000000000006,758,22.617566002078934,0.0003020408163265306,0.0150764089761194
38.8,578,27.97830328548326,0.0003020408163265306,0.00908523920582825
37.8,370,26.873854860495104,0.0001,0.00647203590011868
35.9,158,23.087702515109076,0.0001,0.00552172549434381
28.9,56,24.719245519308302,0.0001,0.00161499222058366
31.4,247,23.069060467659053,0.0001,0.00601504968360996
33.6,461,29.40603819791616,0.003938775510204082,0.00733491701918385
35.4,661,23.311538166630825,0.0003020408163265306,0.0127275020768644
36.8,822,24.502333196841995,0.0003020408163265306,0.0147309456121753
37.9,933,21.45918211864347,0.0003020408163265306,0.0182232653470412
38.7,983,21.13540677348545,0.0003020408163265306,0.0192205822308984
28.8,54,24.012898235515657,0.0001,0.00203417909356564
31.5,242,20.461617050921863,0.0001,0.00756534844364453
34.300000000000004,456,25.434241192786384,0.0001,0.00818218414760210
36.3,654,20.13298726685904,0.0003020408163265306,0.0146443187370907
37.7,818,28.49457075472047,0.003130612244897959,0.0137684493513636
38.900000000000006,932,22.62451329905623,0.0003020408163265306,0.0176475586413280
39.8,984,27.008827786518466,0.0001,0.0166486532277159
40.400000000000006,969,28.41216949079199,0.0003020408163265306,0.0159253389286956
40.7,891,18.490926288542347,0.0003020408163265306,0.0196485606763751
40.6,757,22.967892086067973,0.0003020408163265306,0.0150161299268386
40.1,576,23.032286423112797,0.0003020408163265306,0.0123062689674633
39.0,366,24.204402660229558,0.0003020408163265306,0.00830042574252416
36.9,154,24.98373681277312,0.0001,0.00445745701954844
29.9,54,29.992403144970282,0.003130612244897959,-0.000916577285347226
32.9,245,23.125684804151533,0.0001,0.00618359423893782
35.6,459,27.019724835554538,0.0001,0.00750922557273078
37.8,656,26.37746252299935,0.0003020408163265306,0.0111146641232786
39.5,816,20.218073388258375,0.0003020408163265306,0.0173845146125603
40.8,925,27.998095039394652,0.0001,0.0149575653735604
41.7,975,29.08482252039147,0.0001,0.0155125896240595
30.5,51,26.35947497476454,0.0001,0.000792742053828003
33.4,240,25.511795981235743,0.0001,0.00472505223476468
36.8,455,25.18016887842919,0.0003020408163265306,0.00858412541358220
39.400000000000006,653,27.96172929154446,0.0003020408163265306,0.0103189133939387
41.1,813,26.151683012638042,0.0003020408163265306,0.0140347086171447
42.3,923,27.996604404057106,0.0003020408163265306,0.0148183932851218
43.1,972,31.016303773562655,0.0001,0.0147084785046973
43.7,957,28.282128415432172,0.0003020408163265306,0.0153007954453977
43.900000000000006,878,25.006441852359295,0.0003020408163265306,0.0159562267633110
43.7,742,22.779083280217645,0.0003020408163265306,0.0153842686316698
43.0,561,22.203112756827313,0.0003020408163265306,0.0131574249787980
42.8,774,25.838586312888506,0.0003020408163265306,0.0138216508374063
43.8,906,22.88470652377253,0.0003020408163265306,0.0175967539512424
44.5,955,27.120139108669864,0.0003020408163265306,0.0159261281234080
44.900000000000006,915,24.303060024185754,0.0003020408163265306,0.0170143887934789
44.900000000000006,847,25.715470617691118,0.0003020408163265306,0.0152177955601594
44.6,708,27.369709769082874,0.0003020408163265306,0.0121932855865507
36.6,423,25.08045808676802,0.0003020408163265306,0.00813623647553597
38.5,627,22.91186176767712,0.0003020408163265306,0.0128494233102214
42.5,339,20.324795765588846,0.0003020408163265306,0.0112932868899328
35.6,227,27.331524804052865,0.0001,0.00377702371028762
38.400000000000006,438,22.829459452586697,0.0003020408163265306,0.0101318882925608
40.6,634,23.673903846629475,0.0003020408163265306,0.0128011129185971
42.400000000000006,799,15.486978274921636,0.0003020408163265306,0.0205761431098256
43.7,913,25.202960710858164,0.0003020408163265306,0.0163192689125275
44.7,961,30.319836174898825,0.0003020408163265306,0.0143173975762980
45.3,864,26.81673211376263,0.0003020408163265306,0.0148507065266670
45.1,729,22.88346227197128,0.0003020408163265306,0.0153781226282121
44.400000000000006,548,23.122642447117006,0.0003020408163265306,0.0126579360411083
43.3,339,21.38788781944909,0.0003020408163265306,0.0107640992817355
41.1,131,23.70243356046248,0.0003020408163265306,0.00579861402963528
39.400000000000006,782,27.09249554102781,0.0003020408163265306,0.0128786435425907
40.5,893,23.26318405200282,0.0003020408163265306,0.0168256205134334
27.4,645,23.362884447053496,0.005959183673469389,0.0146130904942629
32.9,945,22.449922998971278,0.0035346938775510208,0.0189696719241440
33.300000000000004,863,24.16087487229636,0.003938775510204082,0.0168966841640861
33.300000000000004,724,22.37449127312629,0.0001,0.0141606914641280
32.9,540,26.562912984562306,0.0019183673469387757,0.00954668568832453
31.9,329,24.143386980291066,0.0001,0.00669760039615271
30.0,121,24.815303262241407,0.0001,0.00276490449443189
27.8,226,24.958888346947987,0.0001,0.00431736165605256
30.3,442,22.722790353107488,0.0001,0.00916226915636847
32.0,643,23.076436752402262,0.0001,0.0126213176840684
33.300000000000004,806,23.724740680622784,0.0019183673469387757,0.0155882851866631
34.6,918,21.773781260782595,0.0003020408163265306,0.0176228734337495
35.5,966,29.57905665756607,0.006969387755102042,0.0181796822762848
36.2,948,26.565533375703833,0.004342857142857144,0.0174450742404225
36.6,867,18.911226595472684,0.0003020408163265306,0.0185459007645895
35.0,334,23.803616015563207,0.0001,0.00737912056028183
30.4,217,21.996369909944423,0.0001,0.00606342927994995
33.300000000000004,429,24.480134547040386,0.0001,0.00821223968342265
35.6,627,22.372579471273593,0.0003020408163265306,0.0127752209867877
37.2,788,23.255496312148487,0.0003020408163265306,0.0149337329369981
38.6,896,21.799835953225887,0.0003020408163265306,0.0175177586453393
39.7,914,26.51399056505518,0.0003020408163265306,0.0152749011243032
40.400000000000006,928,24.923965384363463,0.0003020408163265306,0.0164334850945454
40.6,846,28.165075982799664,0.0003020408163265306,0.0133850812340521
40.5,708,26.944531357266367,0.0003020408163265306,0.0119188646341519
39.900000000000006,525,22.052237915229334,0.0003020408163265306,0.0121728050984450
38.6,317,24.913272289354726,0.0001,0.00702875897338014
36.2,111,26.004670591931507,0.0001,0.00308152501296093
31.3,205,24.227440238664794,0.0001,0.00465135463703228
33.9,413,24.709760568460585,0.0001,0.00787687441745465
36.2,611,30.493423503140658,0.004342857142857144,0.00967298334470988
38.0,778,25.97594852719769,0.0003020408163265306,0.0133297910624255
39.400000000000006,896,24.966038184982047,0.0003020408163265306,0.0158683366187300
40.3,945,28.118622852292376,0.0001,0.0154973119381697
40.900000000000006,928,23.777439559159376,0.0003020408163265306,0.0170878463041608
41.0,846,21.183996763397765,0.0003020408163265306,0.0174213526780784
40.8,708,24.140041458206714,0.0003020408163265306,0.0136157907052067
40.2,526,23.492218050064693,0.0003020408163265306,0.0113046920600977
38.8,316,27.303786618251966,0.0001,0.00559647671360421
36.1,110,25.747876568907095,0.0001,0.00321393817117934
31.200000000000003,216,23.41989232365323,0.0001,0.00530120072530978
34.7,430,26.889913209942428,0.0001,0.00706767804718860
38.0,630,23.57074095185167,0.0003020408163265306,0.0124281194705211
40.0,794,24.91344014851269,0.0003020408163265306,0.0143396039267129
41.2,906,22.69095547260744,0.0003020408163265306,0.0174084945292435
42.0,957,23.445947782260856,0.0003020408163265306,0.0177998259886689
42.400000000000006,943,22.689388002751922,0.0003020408163265306,0.0180715180977177
42.5,864,22.496878534555123,0.0003020408163265306,0.0170792109019604
42.1,726,26.400863118052637,0.0003020408163265306,0.0127012245330668
41.400000000000006,542,25.35821140898408,0.0003020408163265306,0.0105659734927361
39.5,329,22.912198163787355,0.0003020408163265306,0.00872434930535358
36.5,115,24.152788837529847,0.0001,0.00438519872549017
31.6,225,24.85242037150092,0.0001,0.00461867599349541
35.0,442,24.731310482788416,0.0001,0.00840399888192022
38.6,642,22.55226817653403,0.0003020408163265306,0.0133183296091917
40.900000000000006,803,27.95678715098239,0.0003020408163265306,0.0128635840485664
42.0,912,26.509393547953326,0.0003020408163265306,0.0154364875735170
42.7,960,29.398150696964777,0.0003020408163265306,0.0146971117096116
43.2,943,27.334172663715474,0.0003020408163265306,0.0155472369128257
43.400000000000006,860,30.009754553378844,0.0003020408163265306,0.0128406087968976
43.1,721,23.641395940333197,0.0003020408163265306,0.0144665478524909
42.5,535,22.49248773158503,0.0003020408163265306,0.0125035785487940
40.6,321,22.005485575407697,0.0003020408163265306,0.00947540305619747
37.7,109,27.8445524098652,0.0001,0.00216615012990786
32.2,216,22.27212198048699,0.0001,0.00618944780729799
39.1,640,23.271955885113403,0.0003020408163265306,0.0129051921495031
41.3,801,25.20852666431665,0.0003020408163265306,0.0144222115852312
42.6,910,21.372129977603375,0.0003020408163265306,0.0184118529120756
43.6,958,21.698115761058666,0.0003020408163265306,0.0190055344615221
44.1,939,27.51428284320238,0.0003020408163265306,0.0154366538673821
44.3,855,25.00915195724663,0.0003020408163265306,0.0156762087992324
44.0,714,23.013841150788675,0.0003020408163265306,0.0149091163696742
43.3,527,19.519701720883223,0.0003020408163265306,0.0145279402301850
41.6,314,25.88077316162326,0.0003020408163265306,0.00697804685513690
39.1,104,23.28330919650568,0.0001,0.00527845545521468
33.0,220,23.363807775240264,0.0001,0.00569672769150738
36.7,440,25.53951455368652,0.0003020408163265306,0.00809814353859365
40.5,643,25.923759855322185,0.0003020408163265306,0.0115478823498844
42.7,808,26.73497610274792,0.0003020408163265306,0.0137866800675787
44.0,919,29.231614490815957,0.0003020408163265306,0.0142179462527056
44.8,967,20.52288298378335,0.0003020408163265306,0.0199985679300503
45.2,950,24.814623529370387,0.0003020408163265306,0.0172357896597766
45.2,865,24.54912910498493,0.0003020408163265306,0.0162124352690540
44.900000000000006,723,23.74202861704272,0.0003020408163265306,0.0147210480104061
44.1,535,21.70273729724265,0.0003020408163265306,0.0133448889242328
41.8,317,23.021074047132885,0.0003020408163265306,0.00899210347519329
38.7,103,24.173463715814908,0.0001,0.00464335906991674
34.1,219,26.753769194936943,0.0001,0.00375902194870908
37.5,438,24.39344597295883,0.0003020408163265306,0.00896119870121094
41.1,640,25.72412798012848,0.0003020408163265306,0.0116931114742483
43.400000000000006,803,24.34156165176222,0.0003020408163265306,0.0152173660487965
44.5,912,23.816651671971524,0.0003020408163265306,0.0172126072850151
45.3,957,26.789725387634487,0.0003020408163265306,0.0162076851788921
45.8,935,24.80936238479048,0.0003020408163265306,0.0171006605695348
45.900000000000006,847,19.844606498232068,0.0003020408163265306,0.0190133742395880
45.7,703,26.013625879222797,0.0003020408163265306,0.0131413367594872
45.0,514,23.525442191837307,0.0003020408163265306,0.0120349191982086
43.0,300,22.70573081824461,0.0003020408163265306,0.00924375618621946
39.900000000000006,94,21.254211148130075,0.0003020408163265306,0.00667671059728393
34.5,207,22.345600401547273,0.0001,0.00642205876665194
37.4,420,28.171736803972465,0.0001,0.00639450623554571
40.0,618,28.136983797870727,0.0003020408163265306,0.00976911696815487
41.7,778,27.867640006427248,0.0003020408163265306,0.0125923987011737
42.900000000000006,885,27.228062509212922,0.0003020408163265306,0.0146977624380764
43.7,932,20.80688769456102,0.0003020408163265306,0.0192026299067214
44.3,913,22.932177035774014,0.0003020408163265306,0.0177322702491861
44.5,829,26.434151595553466,0.0003020408163265306,0.0144785342977512
44.3,687,26.23529330718129,0.0003020408163265306,0.0125541115722713
43.6,501,28.33968803972213,0.0003020408163265306,0.00845313195700643
41.6,289,25.261178506789463,0.0003020408163265306,0.00706962071128773
38.5,86,22.31898498085561,0.0001,0.00556237699914196
32.2,202,25.28871565763604,0.0001,0.00409810221456893
40.3,774,27.69717507729699,0.0003020408163265306,0.0124948254762510
41.0,876,26.870073416427356,0.0003020408163265306,0.0146057193303974
37.2,481,22.567146178814838,0.0003020408163265306,0.0107178746681171
36.5,265,27.866203341583372,0.0001,0.00415368792686340
29.5,193,25.8304417879556,0.0001,0.00323006669198000
34.300000000000004,753,23.814396473180633,0.0001,0.0140989245934183
27.3,185,21.53258638489524,0.0001,0.00535671636795364
29.0,392,26.187843030103963,0.004544897959183674,0.00780385469204634
30.4,579,28.309867403539425,0.0065653061224489806,0.0116265312585264
33.800000000000004,853,26.131545310761744,0.005151020408163266,0.0164225509664563
33.9,797,24.24720615723196,0.0011102040816326532,0.0150961604746467
33.7,656,26.21988039992227,0.0025244897959183677,0.0119051990858992
33.1,477,24.541514002824055,0.0001,0.00892829432816510
30.6,74,27.022928921642162,0.0001,0.000748182672299000
28.5,195,26.83818067727637,0.002928571428571429,0.00321927761521570
30.8,408,25.01248167501408,0.0001,0.00753416737451736
32.5,608,21.738188188325324,0.0003020408163265306,0.0124588489237052
34.0,771,26.700880360442458,0.004544897959183674,0.0144362668884775
35.2,874,24.991212417751978,0.002322448979591837,0.0162439237749908
36.0,893,23.465657879796392,0.0003020408163265306,0.0163815424697448
36.6,900,23.04747503219254,0.0003020408163265306,0.0167841412117779
36.8,823,24.4145046512179,0.0003020408163265306,0.0147701251273590
36.6,681,22.870379574356818,0.0003020408163265306,0.0134190547594459
35.800000000000004,492,25.393383690143715,0.0001,0.00889748898073399
33.9,279,24.799964138245546,0.0001,0.00580708924313308
31.0,75,27.602277019345756,0.0001,0.000444300574763876
23.5,207,25.381955165110792,0.006161224489795919,0.00579308143336121
26.200000000000003,428,25.44368356873503,0.006161224489795919,0.00997200187469863
28.3,634,20.202031587961937,0.0001,0.0139803395871791
29.9,798,25.884200921829038,0.006969387755102042,0.0170100895825261
31.4,906,27.19190895694391,0.007373469387755103,0.0187840122794008
32.6,954,26.863433694837926,0.006969387755102042,0.0193059667072087
33.4,931,26.88549277424947,0.00636326530612245,0.0183969998393272
33.9,843,28.072536696568744,0.006161224489795919,0.0161399029509667
34.0,696,25.285870989325424,0.0001,0.0127213206996142
33.7,503,25.5311700379363,0.0001,0.00893956612979265
32.4,284,25.840714484266506,0.0001,0.00506817406742068
30.6,75,27.89377497200234,0.0001,0.000199642565919387
25.9,204,27.55933739306276,0.006161224489795919,0.00461792173182063
29.200000000000003,425,29.289801021310886,0.006767346938775511,0.00849988854855810
32.2,629,23.79607781281151,0.0001,0.0120716966089318
33.800000000000004,796,27.542766596090406,0.005555102040816327,0.0151059637172576
35.0,907,23.462392972016776,0.0001,0.0171467840829822
35.800000000000004,951,26.582731944972924,0.004746938775510205,0.0177039481101785
36.2,928,25.230781718911725,0.002120408163265306,0.0169979533068329
36.2,838,21.80466735677272,0.0003020408163265306,0.0164333920155821
35.9,691,29.379027464627217,0.004342857142857144,0.0116810612418118
35.0,497,22.97957781774007,0.0003020408163265306,0.0103199179849807
32.9,278,22.958305157485103,0.0001,0.00678207843398614
29.8,71,21.998621558795556,0.0001,0.00382132955081989
26.200000000000003,201,24.42168871557779,0.002928571428571429,0.00441806202535338
29.3,421,26.449764440250593,0.004746938775510205,0.00836498690233311
32.1,625,20.40083158882686,0.0003020408163265306,0.0134725363657921
33.800000000000004,792,22.718864237489633,0.0001,0.0152751445517575
35.1,902,28.546563724860867,0.006161224489795919,0.0169182186157459
36.1,949,24.888641814124913,0.002120408163265306,0.0175230675533120
36.8,926,24.882316519835893,0.0001,0.0167369561449168
37.1,838,27.4929257789453,0.002726530612244898,0.0145124189447244
36.9,691,28.27826268876116,0.0001,0.0112349268932972
36.3,498,23.00893535278182,0.0003020408163265306,0.0105325165479760
34.1,278,21.56566857974003,0.0001,0.00780693907190302
31.1,69,23.00927069765332,0.0001,0.00340899504353586
27.1,203,22.07073624366693,0.0001,0.00528223041963576
30.0,424,26.805399767654944,0.004544897959183674,0.00811345226057775
33.2,628,24.181303600001996,0.0001,0.0117905477482978
35.800000000000004,790,24.0287298346458,0.0003020408163265306,0.0143827581558350
37.4,899,23.999020361874248,0.0003020408163265306,0.0162925602334973
38.3,941,26.31591307478284,0.0001,0.0163420991488433
38.900000000000006,916,28.85166559262256,0.0035346938775510208,0.0154294776664062
39.1,823,23.561184276909522,0.0003020408163265306,0.0154583295173960
38.900000000000006,672,26.637199994427625,0.0003020408163265306,0.0113566606304458
38.1,478,25.696009655459495,0.0003020408163265306,0.00882154792056878
35.7,260,23.004792181059766,0.0001,0.00694393867458411
32.5,60,25.52427113546056,0.0001,0.00192281431935425
30.5,185,27.096080660880066,0.0001,0.00247344172514482
33.4,397,23.734522301424846,0.0001,0.00812080667479647
36.4,596,27.675721246704114,0.0001,0.00960213022354816
38.5,756,22.705624947561603,0.0003020408163265306,0.0148843435573682
39.8,863,23.289541844186154,0.0003020408163265306,0.0162966058620386
40.7,907,24.748780268017978,0.0003020408163265306,0.0162298611280598
41.3,882,26.052273561061586,0.0003020408163265306,0.0151624722095783
41.6,790,27.190637026042324,0.0003020408163265306,0.0131373228709663
41.400000000000006,645,24.158204290645685,0.0003020408163265306,0.0128005062709817
40.7,456,26.097153230394863,0.0003020408163265306,0.00871073710800955
38.400000000000006,246,23.576468665868912,0.0001,0.00684911695242420
35.5,54,27.078875931780203,0.0001,0.00144580008311201
31.1,184,27.24459859852934,0.0001,0.00245870565089189
34.300000000000004,395,25.722512454137803,0.0001,0.00709390237711426
37.6,592,26.70861321906383,0.0003020408163265306,0.00987875809230766
39.7,750,24.589742548119386,0.0003020408163265306,0.0138382739842544
41.2,855,23.39274649381417,0.0003020408163265306,0.0162588470260262
42.1,898,20.220593363905863,0.0003020408163265306,0.0188776515519601
42.8,876,25.12766046535751,0.0003020408163265306,0.0157287486498315
43.1,786,28.50894764055029,0.0003020408163265306,0.0124821637054314
43.0,641,27.861620677818124,0.0003020408163265306,0.0106943420138189
42.400000000000006,452,19.723812576566857,0.0003020408163265306,0.0132025698013455
40.8,239,30.523647730255217,0.0001,0.00285820451744603
30.0,175,25.68914715612505,0.0001,0.00308756867078280
31.4,375,28.103776793557063,0.003736734693877551,0.00628592153341985
32.7,575,26.78795130216227,0.0035346938775510208,0.0104645549993136
30.9,177,25.988679008496476,0.0001,0.00307201778013962
32.9,381,23.936197624539854,0.0001,0.00772694075186524
34.6,585,22.98642976520878,0.0003020408163265306,0.0115988422790713
36.1,745,24.386575847237207,0.0003020408163265306,0.0134961195350347
38.400000000000006,898,27.605340261200663,0.0015142857142857145,0.0152653313652215
39.0,874,21.684085745115766,0.0003020408163265306,0.0172917431562441
39.3,773,24.028851341829323,0.0003020408163265306,0.0144523642451811
39.1,622,22.596087888231875,0.0003020408163265306,0.0130722732470241
38.3,446,29.917416807435146,0.0001,0.00595324850366779
36.2,233,26.14430686069247,0.0001,0.00470124186852715
26.3,180,22.58591331203093,0.0001,0.00449897291444242
29.5,396,24.228825690640942,0.0001,0.00773408312732992
32.4,598,27.74023755590541,0.004948979591836736,0.0111432738647792
34.6,760,20.959284015133246,0.0003020408163265306,0.0155506004957063
36.2,868,29.804206218190547,0.006161224489795919,0.0156154333441446
37.4,911,21.935253868906905,0.0003020408163265306,0.0175994828994554
38.1,887,21.63812519488195,0.0003020408163265306,0.0174394743865911
38.3,795,24.22235067972596,0.0003020408163265306,0.0145927252277208
38.1,645,28.956152965043312,0.0001,0.00984593736169841
37.5,451,23.745146982767288,0.0003020408163265306,0.00957222134481404
35.6,235,25.408165865402058,0.0001,0.00508725033387888
26.8,174,22.82853299982522,0.0001,0.00432122041545457
29.9,388,24.754614518174435,0.0001,0.00735155473064433
32.800000000000004,588,27.505649350567023,0.004342857142857144,0.0107219765421012
35.2,749,26.698767303813774,0.002726530612244898,0.0133635671264604
36.8,855,25.41189967515378,0.0001,0.0151985646721260
37.8,897,27.80101589876329,0.00333265306122449,0.0155238777918534
38.3,870,26.757639294509502,0.0001,0.0148140239305567
38.400000000000006,778,24.671756578632884,0.0003020408163265306,0.0140979256597404
38.0,628,21.39141836287027,0.0003020408163265306,0.0137357938962110
37.2,435,30.715885030414057,0.0001,0.00539406237766121
35.2,221,22.394327644591414,0.0001,0.00668924373108281
28.3,169,25.432821538313302,0.0001,0.00291167326435073
31.4,381,22.446816493838547,0.0001,0.00841126914535200
34.2,579,34.17086598256256,0.007575510204081634,0.00984102993314701
36.1,744,21.645294313370982,0.0003020408163265306,0.0150521549309323
37.3,855,24.865545180133974,0.0003020408163265306,0.0150727027366450
38.1,896,24.486497811058115,0.0003020408163265306,0.0160535781078272
38.5,869,26.886318124341077,0.0001,0.0147246412810221
38.6,778,32.477810201243784,0.005555102040816327,0.0124155980099209
38.400000000000006,629,24.117370560018912,0.0003020408163265306,0.0121183992576747
37.8,436,27.378047600632925,0.0001,0.00712807418090746
36.3,222,23.7040634113061,0.0001,0.00609874813027277
29.4,175,25.589759543853418,0.0001,0.00304683444852254
32.7,389,26.732909800044474,0.0001,0.00639722614469445
35.7,590,31.16016629370047,0.005151020408163266,0.00941052522586295
37.4,749,26.26867848737268,0.0003020408163265306,0.0125914500595984
38.3,854,26.235981272896353,0.0003020408163265306,0.0143950049192294
38.900000000000006,894,28.18125064319598,0.0017163265306122451,0.0149359002979014
39.2,868,22.694074260624998,0.0003020408163265306,0.0166564582901934
39.1,777,21.58880982077438,0.0003020408163265306,0.0159336617080112
38.7,625,22.628538016593758,0.0003020408163265306,0.0130281921023995
37.7,431,20.51543669078153,0.0003020408163265306,0.0113927463046681
35.4,215,22.869621296320208,0.0001,0.00634063599403774
27.0,173,25.59175479528627,0.002928571428571429,0.00335803239850360
29.9,392,25.82973354161797,0.002928571428571429,0.00739228991349449
32.5,596,24.403342100205514,0.0001,0.0112149452478663
34.300000000000004,761,29.559792618474884,0.00636326530612245,0.0140550954145999
35.5,871,22.98171132983123,0.0003020408163265306,0.0162118075581505
36.3,912,23.807239029143386,0.0001,0.0167488368295331
36.7,884,24.736765224408458,0.0001,0.0159317374380994
36.7,790,24.00708951352344,0.0003020408163265306,0.0145200854338156
36.5,638,26.783695642577886,0.0001,0.0106393164983662
35.800000000000004,441,23.260705700320713,0.0003020408163265306,0.00943336062060097
33.7,222,20.512914776164255,0.0001,0.00762846110577677
25.5,173,27.666314128060414,0.006161224489795919,0.00403051847417654
28.6,390,19.03118560174091,0.0001,0.0101765237941743
31.5,592,24.126434543544523,0.0001,0.0114467520506123
33.6,756,25.33172789139916,0.00333265306122449,0.0142828740599059
35.0,863,25.121145458148305,0.002726530612244898,0.0160863369493624
36.0,904,26.67327684142923,0.004140816326530613,0.0165407466309208
36.6,876,25.18360608565443,0.0001,0.0157097941372187
36.7,781,26.73350224693598,0.0001,0.0134440999232707
36.4,628,26.627454848178548,0.0001,0.0105578111238588
35.5,431,23.797306034726592,0.0003020408163265306,0.00887197282110406
33.300000000000004,214,25.845800174982916,0.0001,0.00411488186386074
24.200000000000003,173,25.403851134790337,0.005555102040816327,0.00462769247283162
27.700000000000003,393,22.95339250836551,0.0009081632653061226,0.00844155443000968
31.0,598,23.898895545344235,0.0017163265306122451,0.0118119790858002
33.5,763,30.10902825446039,0.006969387755102042,0.0144781372431664
35.1,870,26.676628693300756,0.004746938775510205,0.0161926107998757
36.1,911,28.24905552372162,0.005555102040816327,0.0166473839466766
36.6,884,24.47071003293466,0.0001,0.0159714058640988
36.5,789,24.172387887627163,0.0003020408163265306,0.0143890276695087
36.0,634,22.660267454674525,0.0003020408163265306,0.0127606764929630
35.1,435,26.746074632399377,0.0001,0.00723894134858460
32.5,215,25.612639729548768,0.0001,0.00414477000901727
23.700000000000003,167,28.828333907070412,0.007575510204081634,0.00469776311900461
26.8,385,25.151325711814405,0.005353061224489797,0.00865157067456809
29.5,588,24.97721909214079,0.005151020408163266,0.0122700798834307
31.3,753,20.20386890118826,0.0003020408163265306,0.0154923686998234
32.5,862,20.58164071837786,0.0001,0.0174681185502592
33.2,906,24.6219085003365,0.004948979591836736,0.0179278520380244
33.5,879,24.78938317086733,0.004544897959183674,0.0171660764589800
33.5,782,24.433102880638618,0.0025244897959183677,0.0149359962906366
33.2,627,25.163621460373708,0.0001,0.0115061327459530
32.5,427,22.1336491373133,0.0001,0.00940543005560789
30.5,206,21.949591197321524,0.0001,0.00595068344219229
22.5,163,22.510290567328337,0.004544897959183674,0.00516099574138818
25.700000000000003,381,28.907396131273565,0.0077775510204081645,0.00905445642871052
28.200000000000003,584,22.76975743623923,0.004140816326530613,0.0127911416369835
30.1,748,26.89191453203309,0.006969387755102042,0.0157477469865152
31.8,854,25.104242738696097,0.005757142857142858,0.0174014207460833
33.2,894,24.6039892065258,0.004746938775510205,0.0176533190089541
34.2,864,23.613901193618027,0.0003020408163265306,0.0164994439617757
34.6,767,27.129012609457053,0.004342857142857144,0.0140594810823307
34.2,614,23.773721815117415,0.0001,0.0115915849886918
33.0,415,27.54860832601156,0.0001,0.00656631905814508
30.6,197,25.138105033269913,0.0001,0.00385410136986360
28.1,371,32.72525573886576,0.008383673469387756,0.00769399751449206
30.8,572,25.679036962208315,0.004342857142857144,0.0112813072121767
32.5,735,26.723143843805836,0.005353061224489797,0.0143087657608915
33.7,842,23.062969679020654,0.0001,0.0162651447299751
34.6,884,24.13008788385875,0.002120408163265306,0.0167611546862402
35.2,855,24.926330193330923,0.0015142857142857145,0.0158107863486229
35.5,759,25.52224650274442,0.0001,0.0135440911178473
35.300000000000004,605,24.684422749992418,0.0003020408163265306,0.0109876788047965
34.7,407,24.851084546125357,0.0001,0.00778093590232772
32.9,190,25.247562316984926,0.0001,0.00406451934499562
23.8,164,29.958474968639344,0.007979591836734695,0.00457504089656568
27.3,383,26.731953973566238,0.005959183673469389,0.00836773439081918
31.0,588,25.526827859348792,0.004140816326530613,0.0115674187198008
33.800000000000004,751,24.89241255927942,0.0019183673469387757,0.0140759753612123
35.4,857,23.148104325574167,0.0001,0.0160669341003404
36.5,898,28.02118494818317,0.004948979591836736,0.0161619888310795
37.1,868,26.19316515315554,0.0001,0.0152309124762484
37.3,770,24.707067335400573,0.0003020408163265306,0.0138325692781330
37.0,613,27.211495045161787,0.0001,0.00997920686136702
36.1,412,24.555086215815162,0.0001,0.00822544571131602
33.4,191,29.37846143562118,0.0001,0.00162624724248413
24.9,163,24.95800925930864,0.004544897959183674,0.00406204702033503
28.6,385,28.177025537036425,0.006161224489795919,0.00781279997091192
32.2,590,22.85552079687677,0.0001,0.0116851726068922
34.9,753,24.597296508129315,0.0001,0.0137960742724523
36.3,857,26.58184094771437,0.002928571428571429,0.0153277210215368
37.3,896,28.297908471794546,0.004342857142857144,0.0157358798400900
37.8,864,22.071629314042696,0.0003020408163265306,0.0168269316724525
37.8,766,22.077779461010664,0.0003020408163265306,0.0153310720954932
37.5,609,22.15836251988991,0.0003020408163265306,0.0128986063505671
36.5,406,21.78504230736571,0.0003020408163265306,0.00996807630759023
33.6,184,22.180253486915248,0.0001,0.00603947764498332
23.8,163,23.420447674992122,0.004140816326530613,0.00456668763992707
27.5,386,27.072314621731813,0.006161224489795919,0.00834734117122524
31.8,592,25.809921959856553,0.003736734693877551,0.0112881348090664
34.800000000000004,755,22.23600350227676,0.0003020408163265306,0.0147715944704993
36.5,860,27.26548045091229,0.003736734693877551,0.0152985914198723
37.5,898,22.35613159457708,0.0003020408163265306,0.0171651675645122
38.2,865,18.190980233457903,0.0003020408163265306,0.0191353145538421
38.5,763,25.96475477235005,0.0003020408163265306,0.0131167476894826
38.2,604,22.869591669347702,0.0003020408163265306,0.0124894101593862
37.3,404,24.76414737812215,0.0003020408163265306,0.00815029649957392
35.300000000000004,180,24.673409623935868,0.0001,0.00472085459853216
24.700000000000003,160,27.77890257700053,0.0065653061224489806,0.00407027301139267
28.200000000000003,383,24.151765566414124,0.002726530612244898,0.00796213391242819
31.5,590,23.162340507166824,0.0001,0.0116491096686867
34.7,738,21.130353350956295,0.0003020408163265306,0.0151256670726265
24.1,155,22.494749869007677,0.002120408163265306,0.00423609595081048
27.1,374,23.713308364982126,0.003736734693877551,0.00825095409422320
30.200000000000003,579,22.2412745302844,0.0001,0.0119248361395010
33.1,743,24.19545141525372,0.0015142857142857145,0.0142230906335633
35.2,848,30.3311542373458,0.006767346938775511,0.0156313736369039
36.4,886,23.336912632041034,0.0003020408163265306,0.0163789359107118
37.2,854,22.56387300821338,0.0003020408163265306,0.0163369282341339
37.4,754,25.09794569238763,0.0003020408163265306,0.0133857008339044
37.1,595,23.959487039498015,0.0003020408163265306,0.0115381988014265
36.0,392,26.1985797179922,0.0001,0.00694064132168350
32.6,170,27.385763534879892,0.0001,0.00238168404892641
23.3,150,25.256965160255604,0.005757142857142858,0.00446365348217598
26.5,368,18.56486629134217,0.0001,0.00989705063354986
29.9,571,24.501998827596804,0.004140816326530613,0.0116814556831205
32.5,732,29.294863108411356,0.006969387755102042,0.0142324225553958
34.2,836,28.95181933087924,0.0065653061224489806,0.0158342060543775
35.300000000000004,873,25.428180482141993,0.003130612244897959,0.0161713497058681
36.0,840,25.477105170240684,0.0001,0.0151088409723214
36.2,740,33.352275705832064,0.0071714285714285725,0.0126654099679844
35.9,581,24.536425749472873,0.0003020408163265306,0.0108071521416360
34.800000000000004,379,23.373197918990055,0.0001,0.00823704564563845
31.9,161,21.944520371495155,0.0001,0.00555506993948881
22.200000000000003,338,27.89553495622724,0.008585714285714287,0.00962731406644462
23.9,548,19.69303138975301,0.004948979591836736,0.0139593533596424
28.1,808,22.104624278951572,0.005959183673469389,0.0181118639528512
29.0,808,25.28435795644075,0.0071714285714285725,0.0176737803792503
29.3,706,24.743995922935625,0.005959183673469389,0.0151490673699728
28.9,549,27.235330271658672,0.0065653061224489806,0.0116172895069520
27.700000000000003,349,24.943950951634953,0.003938775510204082,0.00736254385208769
