Tamb,I,Tcoolant_in,mass_flowrate_optimal
30.9,393,28.795962823499554,0.0001
29.0,184,26.137287601557183,0.0017163265306122451
19.6,124,24.080768526745462,0.0001
22.3,326,21.775363850152935,0.0001
25.1,536,32.049190206109195,0.0001
27.5,728,24.53056612962208,0.0001
29.6,886,21.30078073946739,0.0001
31.3,992,22.118193668026386,0.0001
32.6,1034,30.35766869561825,0.0001
33.5,1014,28.664728321945354,0.0001
33.9,932,25.95456270823076,0.0001
33.800000000000004,794,26.124981333822276,0.0001
33.300000000000004,612,26.71313234536876,0.0001
32.300000000000004,403,28.16064241981176,0.0001
30.0,191,24.19487585655437,0.0035346938775510208
20.700000000000003,128,23.537041365503256,0.0001
23.9,331,26.44662181426974,0.0001
27.1,542,23.022750381111038,0.0001
29.8,732,25.013602652990723,0.0001
32.0,890,29.8156585385647,0.0001
33.5,994,27.016832422260695,0.0001
34.6,1039,24.790027872057916,0.0001
35.2,1015,24.942004372689034,0.0001
35.300000000000004,932,26.283221114485816,0.0001
35.1,794,22.838274666322437,0.0001
34.5,612,28.152089771820368,0.0001
33.5,405,26.23360284524225,0.002928571428571429
31.3,193,23.445287647055657,0.004140816326530613
23.1,129,24.65479394461331,0.0001
26.5,332,24.51601474052282,0.0001
30.4,544,26.63447885865838,0.0001
33.2,735,24.141944092544694,0.0001
34.9,892,25.04016928310701,0.0001
36.1,997,22.2990582852092,0.0001
36.9,1039,28.752681700270035,0.0001
37.4,1019,23.42105253586049,0.0001
37.5,936,27.845562466615856,0.0001
37.3,800,26.44244681355122,0.002322448979591837
36.7,619,24.085816299600204,0.0001
35.6,410,25.914141378892232,0.003938775510204082
33.0,197,28.28354618192685,0.002928571428571429
24.4,131,29.091982691235504,0.0001
28.0,338,25.53913729644414,0.0001
31.8,553,21.38991522689722,0.0035346938775510208
34.5,748,22.617720199849153,0.0001
36.1,904,27.810839098383706,0.0001
37.3,1007,23.3622181599972,0.0001
38.1,1050,20.393463779291398,0.0001
38.5,1030,21.953827452429884,0.0001
38.6,946,20.559908470034678,0.0001
38.400000000000006,808,26.02693883555966,0.0001
37.7,625,27.1115315157584,0.00333265306122449
36.6,414,24.548081378774697,0.004544897959183674
33.9,199,24.65927815194235,0.004544897959183674
24.3,131,22.48730384367314,0.0011102040816326532
27.6,338,26.678915099741985,0.0001
31.1,552,27.945695640795524,0.0001
33.4,745,24.466694985434867,0.0001
34.800000000000004,899,27.742350895566055,0.0001
35.7,1000,24.469086754191373,0.0001
36.3,1040,24.068938552003885,0.0001
36.7,1015,26.96058378019895,0.0001
36.7,927,26.437534665093178,0.0001
36.3,784,23.2715974580571,0.0001
35.2,603,23.959154285489383,0.0001
33.5,397,26.608367471567462,0.002928571428571429
30.8,190,25.326040473786147,0.00333265306122449
18.6,132,29.35788068033649,0.0001
22.0,338,26.61372260642914,0.0001
25.3,552,28.009925550062658,0.0001
27.6,746,26.399229462889178,0.0001
29.5,902,28.859484886934563,0.0001
30.9,1006,23.338891482723387,0.0001
31.9,1048,24.97545885830486,0.0001
32.5,1026,24.882012348887095,0.0001
32.7,943,25.217944757831244,0.0001
32.4,804,25.606808308896866,0.0001
31.700000000000003,622,21.013603539011864,0.00333265306122449
30.5,412,24.011001942410253,0.0025244897959183677
28.3,198,22.59555817747445,0.00333265306122449
21.6,123,23.820935331992644,0.0001
23.8,319,23.537218521098538,0.0001
31.0,392,25.7968235804532,0.0015142857142857145
28.9,196,26.45889801936298,0.000706122448979592
20.8,129,22.55888946796947,0.0001
23.8,329,24.76441151027675,0.0001
26.6,540,21.52519297069146,0.0001
29.0,729,22.971102419368968,0.0001
31.1,882,25.84445926017239,0.0001
32.6,970,29.696224460981338,0.0001
22.0,129,23.456439534860213,0.0001
25.3,330,26.926356090602887,0.0001
28.6,541,26.072051578075186,0.0001
31.200000000000003,732,25.311142346722047,0.0001
33.1,887,22.675893408765113,0.0001
34.4,992,24.817559346865913,0.0001
35.300000000000004,1035,24.920394272426794,0.0001
35.9,1017,27.65752663732152,0.0001
36.1,937,23.272141097343727,0.0025244897959183677
35.9,801,22.796147081265453,0.0001
35.4,603,18.953331195939043,0.0001
34.4,405,24.55147552452729,0.003938775510204082
24.1,121,19.769467642001917,0.003130612244897959
26.700000000000003,321,25.956993467540308,0.0001
29.3,529,22.218935551035187,0.0017163265306122451
31.200000000000003,716,24.45285871865046,0.0001
32.2,866,25.69586769426044,0.0001
26.0,525,24.648947900361833,0.0001
28.0,693,24.089647800636342,0.0001
31.4,1017,21.677597632202573,0.0001
31.9,995,28.270055274093664,0.0001
32.0,912,25.398850975972387,0.0001
31.5,777,27.04342959911542,0.0001
30.4,601,25.581680525413535,0.0001
28.700000000000003,397,25.195242916085395,0.0001
26.6,194,20.8529589511983,0.0035346938775510208
19.8,128,25.890263613186157,0.0001
22.9,328,27.066676356911966,0.0001
25.700000000000003,536,21.132476206904443,0.0001
27.700000000000003,727,24.601363839849792,0.0001
29.3,878,27.06855526542784,0.0001
30.6,980,23.83762726025583,0.0001
31.700000000000003,1025,22.210347208538927,0.0001
32.4,1003,24.2124118192687,0.0001
32.0,608,26.162364917240225,0.0001
31.0,404,26.364802003257495,0.0001
29.3,197,27.99055556141032,0.0001
21.9,125,25.25149084422748,0.0001
24.5,324,30.227067930336624,0.0001
27.0,532,26.058475957936587,0.0001
29.4,722,22.183119809566936,0.0001
31.700000000000003,879,30.711164859022528,0.0001
33.300000000000004,987,25.492037150755312,0.0001
34.4,1033,23.611532935048935,0.0001
35.1,1013,28.194539559195675,0.0001
35.4,935,25.2759434443683,0.0001
35.300000000000004,801,26.831308606894126,0.0001
34.9,624,25.049468590660187,0.002928571428571429
34.0,420,26.456243087262933,0.003130612244897959
32.1,210,23.323381804548255,0.004342857142857144
24.4,130,22.415767463423492,0.0015142857142857145
27.6,329,25.966276207575735,0.0001
30.4,539,23.083010773134706,0.0019183673469387757
32.5,730,24.781082807697953,0.0001
34.2,885,22.96605913110839,0.0015142857142857145
35.4,990,21.770738246925774,0.0001
36.3,1036,28.11822524764996,0.0001
36.8,1015,21.694895867678724,0.0001
37.1,933,21.62339978710477,0.0001
37.1,799,26.862080144754124,0.0017163265306122451
36.6,620,25.837997591757496,0.0001
35.7,415,28.26741568034544,0.002928571428571429
33.800000000000004,205,25.89708813720658,0.004140816326530613
24.700000000000003,124,22.888366684355614,0.001312244897959184
27.4,319,21.919050723505375,0.0025244897959183677
29.8,525,22.663124867655768,0.0019183673469387757
32.1,715,25.63030521071338,0.0001
34.1,870,25.64475947652591,0.0001
35.800000000000004,977,27.50383655588172,0.0001
37.0,1024,26.579103173558366,0.0001
37.7,1009,23.123153297840215,0.0001
37.9,933,24.169894909856634,0.0001
37.7,801,25.57329931262601,0.0001
37.1,625,24.167926484027706,0.0001
36.0,420,25.752724891305146,0.004140816326530613
33.9,211,27.102190032907465,0.003736734693877551
25.4,116,26.276942320330182,0.0001
27.5,314,25.530095844254,0.0001
29.8,499,29.542080535585935,0.0001
31.700000000000003,700,28.199345312702185,0.0001
33.1,852,26.435146810476613,0.0001
34.0,955,26.492542702762194,0.0001
34.7,1000,29.682846198406647,0.0001
35.5,981,28.154734365842195,0.0001
36.2,902,25.098697606847534,0.0001
36.6,772,26.341673391403162,0.0019183673469387757
36.4,599,25.312550845210794,0.0035346938775510208
35.7,400,27.393207802143174,0.0035346938775510208
34.1,198,23.92671775333843,0.004746938775510205
27.6,126,28.478990499259886,0.0001
30.9,324,25.53657606397519,0.0025244897959183677
33.7,530,26.70120713303612,0.0017163265306122451
35.7,720,26.34947312277553,0.0017163265306122451
37.3,872,24.67066715028358,0.0001
38.6,974,25.11173660350452,0.0001
39.5,1020,28.87773016077124,0.0001
40.0,1003,20.425534879012748,0.0001
40.3,924,20.539272480346003,0.0001
40.2,765,21.747761153261454,0.0001
39.7,596,30.794853788988974,0.0025244897959183677
38.7,415,28.712170115488227,0.003938775510204082
36.8,208,25.16003163286113,0.005151020408163266
26.700000000000003,133,26.74732948010437,0.0001
30.1,339,29.086556185450743,0.0001
33.7,555,25.993565614149396,0.002120408163265306
36.1,752,26.958143269627936,0.0001
37.6,910,26.33269628546764,0.0011102040816326532
38.7,1015,26.026659439269626,0.001312244897959184
39.5,1060,21.781524559024813,0.0001
40.1,1039,23.87864371885632,0.0001
40.2,953,27.064499843268845,0.0025244897959183677
39.900000000000006,816,22.966766605200032,0.0001
38.8,638,24.647981390530067,0.0001
36.9,429,22.381379916546212,0.005151020408163266
34.300000000000004,217,26.168618571269267,0.004140816326530613
22.8,139,23.560668086036127,0.0001
26.1,335,25.169255876845586,0.0001
29.9,544,28.08571317990364,0.0001
33.0,746,22.051779438786202,0.0001
35.1,896,23.40158397126191,0.0019183673469387757
36.6,995,22.971935726477252,0.0001
37.6,1038,25.89283818215677,0.0001
38.2,1009,26.767161894369067,0.0001
38.2,923,25.994205468691856,0.002120408163265306
37.8,806,25.22542822689204,0.0001
36.7,604,20.9958338115212,0.0001
32.9,216,28.041337208973623,0.002928571428571429
23.6,134,26.82742037673485,0.0001
26.5,337,27.657706743755746,0.0001
29.3,547,17.754631055307776,0.0001
31.700000000000003,737,28.02636029790085,0.0001
33.6,892,26.160181257164275,0.0001
35.2,996,25.712629156104562,0.0001
36.5,1042,26.79677036793562,0.0001
37.4,1024,27.71606176589986,0.0001
37.9,947,20.505310288497828,0.0001
37.9,815,23.75780702272393,0.0001
37.4,640,26.65589875815634,0.00333265306122449
36.3,435,25.65680921064616,0.004140816326530613
34.0,223,22.906368262899672,0.004948979591836736
23.700000000000003,138,24.02141650336194,0.0001
26.8,347,26.037749082646457,0.0001
30.1,564,26.858802023220274,0.0001
32.800000000000004,759,24.68128600178303,0.0001
34.800000000000004,916,24.81738406980267,0.0001
36.3,1021,27.172745272741135,0.0001
37.6,1067,22.978146930131217,0.0001
38.400000000000006,1047,25.430139227876726,0.0011102040816326532
38.8,966,24.685647322056198,0.0001
38.7,830,18.81654537589422,0.0001
38.1,652,29.95713009531524,0.0011102040816326532
36.8,442,25.829897273860517,0.004140816326530613
34.1,223,26.749390480446376,0.003938775510204082
21.9,139,19.493133736851124,0.0019183673469387757
25.6,349,24.780162292530616,0.0001
29.3,555,25.079141798552516,0.0001
31.9,747,24.251234568360008,0.0001
33.800000000000004,917,28.078513522995337,0.0001
35.300000000000004,1022,28.849837556803976,0.0001
36.4,1068,26.259655783101866,0.0001
37.1,1050,22.638090157800807,0.0001
37.4,971,23.8299141202052,0.0001
37.0,831,26.165538992663638,0.0019183673469387757
35.800000000000004,648,26.012142531133605,0.002726530612244898
33.800000000000004,436,25.670850642235127,0.003130612244897959
31.1,221,23.97783814982668,0.003938775510204082
18.1,140,25.277030186799244,0.0001
21.5,353,23.98603854458442,0.0001
25.1,574,22.799827208294936,0.0001
28.0,774,23.963897058965514,0.0001
30.3,935,25.01462015433539,0.0001
32.4,1044,27.480437579126924,0.0001
33.9,1091,26.66307531796638,0.0001
35.0,1072,25.611906470829428,0.0001
35.6,989,25.774683330431657,0.0001
35.7,853,23.643019714729483,0.0001
35.300000000000004,671,29.844753050524904,0.0001
34.4,456,23.842409725201623,0.004140816326530613
31.9,235,28.70662465962996,0.001312244897959184
22.200000000000003,137,24.32309445127748,0.0001
25.700000000000003,346,25.432455559406026,0.0001
29.3,563,18.8897701163598,0.0035346938775510208
32.300000000000004,760,24.81696198745417,0.0001
34.5,919,25.27775920516553,0.0001
36.1,1027,24.294707419942938,0.0001
37.3,1074,27.444714518324094,0.0001
38.0,1057,24.78940508586594,0.001312244897959184
38.3,982,24.038353363119477,0.0001
38.3,847,21.279596530279107,0.0001
37.7,664,26.437357090776334,0.0001
36.6,453,26.059149402953715,0.004140816326530613
33.800000000000004,233,24.66745756505354,0.004342857142857144
21.5,141,26.49094236077059,0.0001
25.200000000000003,355,26.880382764092086,0.0001
29.1,574,23.08651101881681,0.0001
32.5,773,31.52783634514484,0.0001
35.300000000000004,933,21.339622293309496,0.0001
37.3,1041,28.0115508300723,0.0001
38.6,1089,25.641237672990606,0.0001
39.400000000000006,1069,23.221710030332517,0.0001
39.7,981,25.785181761058055,0.0001
39.6,843,23.89128831007995,0.0001
39.0,662,19.40818774235568,0.0001
37.8,451,25.757961790696157,0.004544897959183674
34.7,234,24.745134964544526,0.004746938775510205
23.0,135,23.45970672253766,0.0001
26.700000000000003,343,24.57422525592138,0.0001
30.9,557,25.51181104582578,0.0001
34.1,751,23.16819909968164,0.002726530612244898
36.3,908,26.12298116158792,0.0001
37.9,1017,22.348780373710316,0.0001
39.0,1067,21.102218053154207,0.0001
39.7,1048,24.316466104549338,0.0001
40.1,966,21.4558013070599,0.0001
39.8,832,29.845159989657006,0.0001
38.900000000000006,653,25.08709227098019,0.0001
37.3,442,20.158489731621703,0.005757142857142858
34.6,227,21.79953642614208,0.005353061224489797
23.4,133,24.50272270681079,0.0001
27.200000000000003,344,26.825428213732295,0.0001
31.1,561,22.38208612821766,0.002726530612244898
33.6,758,25.340199205210194,0.0001
35.5,916,21.98389692918341,0.0001
37.0,1022,25.274840512382752,0.0001
38.0,1068,22.004498915027934,0.0001
38.8,1050,22.18743885130307,0.0001
39.2,972,28.92671461873438,0.0001
39.2,837,28.89914746630543,0.0001
38.6,656,25.24451380947618,0.0001
37.6,446,29.34010953156803,0.003130612244897959
35.0,227,27.168986628105163,0.004140816326530613
23.8,130,21.13953307168367,0.002120408163265306
27.6,339,21.22549497234107,0.002928571428571429
31.6,555,29.264784530613575,0.0001
34.300000000000004,752,26.47879884032149,0.0001
36.1,911,21.777407366782807,0.0001
37.5,1018,25.90210324291696,0.0001
38.3,1065,25.246263312601517,0.0001
38.8,1048,24.864209282652787,0.002322448979591837
38.900000000000006,967,29.95207342757961,0.0001
38.5,832,27.163270747225106,0.002322448979591837
37.8,650,23.423724906351328,0.0001
36.5,440,25.0574533508373,0.004342857142857144
33.9,224,22.879226850912797,0.004948979591836736
25.9,122,25.761903325162653,0.0001
29.5,324,27.93081104311966,0.0001
32.9,536,27.22359238518237,0.0001
35.4,729,23.708919699656622,0.0001
37.2,885,21.746387663253824,0.0001
38.6,990,27.073811374142768,0.0001
39.6,1037,21.080272782954722,0.0001
40.3,1023,25.40732205620284,0.0001
40.8,947,22.155414227753734,0.0001
40.8,815,20.793920278181847,0.0001
40.7,639,25.499369402293503,0.0001
39.7,435,22.907018795173475,0.005555102040816327
37.7,222,27.22713714168427,0.004746938775510205
30.0,125,26.315597065412646,0.002928571428571429
33.4,329,24.540504838464553,0.003938775510204082
36.7,541,22.215652108368946,0.0001
39.400000000000006,735,24.545756306612343,0.0001
41.1,892,26.694571225067946,0.0001
42.2,999,25.450683505804772,0.0001
43.0,1047,29.585791372307774,0.0017163265306122451
43.400000000000006,1030,23.76600566058331,0.0001
43.5,951,20.52651988422781,0.0001
43.3,821,24.58236381163666,0.0001
42.8,645,23.327368106253612,0.0001
41.900000000000006,440,25.093817563360002,0.005555102040816327
39.400000000000006,227,23.344706186590592,0.005959183673469389
31.8,123,27.43250648943799,0.00333265306122449
35.2,326,22.89317381250079,0.004948979591836736
38.6,537,28.923225485496495,0.00333265306122449
41.400000000000006,730,27.054860514809576,0.0001
43.0,884,23.040584481332566,0.0001
44.1,988,22.248644136816754,0.0001
44.8,1035,26.0482823762409,0.0001
45.2,1021,22.91612375375343,0.0001
45.2,945,24.76703050945028,0.0001
45.0,813,21.6196419620007,0.0001
44.3,639,26.269166681924364,0.0001
43.3,434,26.42925653037172,0.005757142857142858
40.6,222,23.433616248320753,0.006161224489795919
32.300000000000004,118,27.83227450556169,0.00333265306122449
35.4,317,22.85456229264002,0.004948979591836736
38.900000000000006,526,24.48544851272768,0.0001
42.0,717,23.028867619947835,0.0001
43.900000000000006,875,26.06042666418958,0.0001
45.2,982,24.37981382904275,0.0001
46.0,1030,21.41623644215754,0.0001
46.400000000000006,1015,29.5687024316831,0.0001
46.6,937,24.371189832115302,0.0001
46.3,805,22.827685184792248,0.0001
45.7,632,25.268622222996598,0.0001
44.6,430,25.166235182296948,0.006161224489795919
41.900000000000006,221,25.1276396910104,0.006161224489795919
32.300000000000004,117,21.813890430835393,0.005151020408163266
35.5,317,24.425928517359672,0.004746938775510205
38.900000000000006,527,23.727635361591148,0.0001
41.6,719,25.781857692956706,0.0001
43.400000000000006,877,22.970077422337802,0.0001
44.7,987,25.186829574575583,0.0001
45.6,1037,20.680238532898287,0.0001
46.1,1025,23.411033675243697,0.0001
46.3,950,27.250179438039037,0.0001
46.1,820,24.71915603571382,0.0001
45.400000000000006,646,25.915913018680232,0.0001
44.2,440,21.71875445485253,0.0065653061224489806
41.400000000000006,226,28.25613363096146,0.005353061224489797
30.700000000000003,122,25.528028948089077,0.0035346938775510208
34.5,339,25.219267482879907,0.004140816326530613
38.0,561,26.826360287267363,0.003736734693877551
40.1,760,26.317454921497276,0.0001
41.5,923,20.990180107446005,0.0001
42.7,1031,25.76901863096678,0.0001
43.5,1081,27.510091786258574,0.0001
43.900000000000006,1072,22.4212141381091,0.0001
43.900000000000006,994,26.881795595130136,0.0001
43.400000000000006,859,25.477964497542324,0.0001
42.400000000000006,682,24.128223751009834,0.0001
40.900000000000006,468,25.598447476977576,0.0001
37.6,244,28.451057625944134,0.004342857142857144
26.0,129,26.999598742301565,0.0001
29.6,343,26.63345783473687,0.0001
33.4,565,29.600939708629014,0.0001
36.6,766,20.835647582265434,0.0001
38.8,929,29.477298204934122,0.0001
40.3,1040,27.150764135835704,0.0015142857142857145
41.3,1089,23.41788091538621,0.0001
42.0,1081,22.5996151474521,0.0001
42.3,1002,22.027049801359638,0.0001
42.1,865,27.76705460946511,0.0001
41.5,681,20.8541688287029,0.0001
40.3,466,24.81579559963521,0.0001
37.0,239,27.96678088209203,0.004342857142857144
27.700000000000003,119,29.889396055623102,0.0001
30.9,327,24.403693054326137,0.003130612244897959
34.300000000000004,545,30.85809218835076,0.0001
37.2,744,22.70679982912816,0.0001
39.3,909,24.055801012351147,0.0001
40.7,1021,25.9764268895602,0.0001
41.7,1071,22.905249779245743,0.0001
42.3,1056,29.092959378753996,0.001312244897959184
42.400000000000006,979,27.83592354266541,0.0001
42.1,841,22.62528277109653,0.0001
41.3,659,24.65156535004514,0.0001
39.900000000000006,448,24.217530678867362,0.005353061224489797
37.1,229,27.609007418266366,0.004544897959183674
25.700000000000003,122,27.989819444089527,0.0001
29.200000000000003,331,23.64534818176737,0.0025244897959183677
32.7,550,23.834517245504387,0.002928571428571429
35.1,749,26.82503501587033,0.0001
36.9,913,25.242279864665914,0.0017163265306122451
38.3,1023,24.844721328966102,0.002120408163265306
39.3,1072,23.731991574837345,0.0001
40.0,1058,21.905915374684472,0.0001
40.400000000000006,983,21.207106154740714,0.0001
40.5,849,27.898787709148603,0.0001
40.0,666,26.673536094803204,0.0001
39.0,454,26.315374434467667,0.004746938775510205
36.3,235,23.99257862271639,0.005151020408163266
26.200000000000003,118,25.21169583049152,0.0001
29.700000000000003,325,22.753048784058628,0.00333265306122449
32.9,542,21.623863214910727,0.003938775510204082
35.300000000000004,740,23.81998392645092,0.0001
37.4,898,26.779994468722656,0.0001
39.0,1006,27.541791070439828,0.0001
40.2,1054,26.12989275320501,0.002322448979591837
40.900000000000006,1037,23.45898812415721,0.0001
41.2,961,23.936820277984303,0.0001
41.0,826,24.826706512076015,0.0001
40.400000000000006,649,21.295453811945674,0.0001
39.3,442,25.111822785899335,0.005151020408163266
36.6,227,21.166698779524356,0.005959183673469389
27.3,116,27.346740288116525,0.0001
30.4,321,30.994878098952533,0.0001
34.0,534,25.83999340314823,0.0025244897959183677
36.7,727,23.12445141579249,0.0001
38.3,885,21.768854079512348,0.0001
39.400000000000006,993,24.821302790178034,0.0001
40.1,1042,25.34708593953375,0.0001
40.5,1029,21.80758419008607,0.0001
40.6,953,27.19445384212271,0.0001
40.5,819,26.272946915689335,0.0001
40.0,640,25.282320089281242,0.0001
39.1,431,24.69668239746125,0.005151020408163266
36.6,217,25.205570088983897,0.005151020408163266
28.0,110,22.07366570793607,0.003938775510204082
31.0,308,22.11847956111044,0.004140816326530613
34.300000000000004,516,26.402543909066967,0.0025244897959183677
37.1,706,22.418091072312038,0.0001
38.900000000000006,859,29.56239209434742,0.0001
40.2,961,30.185219720432467,0.0001
41.1,1007,24.317190569906515,0.0001
41.8,991,23.28082924774636,0.0001
42.1,915,20.522814292033768,0.0001
42.1,786,24.601847495953642,0.0001
41.6,613,23.136203011888675,0.0001
40.7,411,24.951933107827973,0.005555102040816327
38.7,204,20.90973309939138,0.00636326530612245
32.2,98,26.984669848301603,0.003736734693877551
35.300000000000004,289,26.318716758050122,0.004140816326530613
38.2,496,28.253514167597892,0.003736734693877551
40.2,688,22.79459912456295,0.0001
41.6,843,25.98155241924003,0.0001
42.7,948,23.103762883264174,0.0001
43.5,999,24.80399858749357,0.0001
44.0,989,29.027221902723458,0.0001
44.3,919,29.431221471911986,0.0001
44.2,790,21.302120034161213,0.0001
43.6,619,25.564538309820776,0.0001
42.6,418,23.660800397701085,0.006161224489795919
40.7,211,26.9811519716634,0.005555102040816327
32.5,98,26.398316641474516,0.003938775510204082
35.5,289,28.6298176516629,0.0035346938775510208
38.1,495,27.310123924896693,0.003938775510204082
39.900000000000006,686,22.491456147864994,0.0001
41.6,844,24.398228465204404,0.0001
42.900000000000006,952,23.34417159295024,0.0001
43.900000000000006,1002,27.77885010193442,0.0001
44.6,987,23.890253703610526,0.0001
45.0,912,23.523425392235293,0.0001
44.8,785,26.848439279991855,0.0001
44.2,604,26.278929495902084,0.0001
43.1,413,25.00928001461768,0.005959183673469389
32.2,102,24.150758588930852,0.004544897959183674
34.800000000000004,295,24.758923667323877,0.004544897959183674
38.900000000000006,685,20.76373999097489,0.0001
40.6,844,27.728201110744216,0.0001
42.2,949,26.659088832653705,0.0001
43.5,999,24.411830963629008,0.0001
44.5,987,25.823687399467357,0.0001
45.1,914,26.234030212841436,0.0001
45.2,787,27.454997897549458,0.0001
44.900000000000006,616,25.223086531376698,0.0001
44.1,417,22.660712748190775,0.0065653061224489806
42.2,211,29.501524564574066,0.005353061224489797
32.300000000000004,103,27.518933547207663,0.0035346938775510208
35.800000000000004,300,26.71801877015959,0.004140816326530613
39.0,509,32.2419538851381,0.0017163265306122451
41.1,701,30.377858395210218,0.002928571428571429
42.900000000000006,858,27.49652226632459,0.0001
44.3,964,23.66505669904148,0.0001
45.3,1015,21.31250611477869,0.0001
45.900000000000006,1000,21.278220059299517,0.0001
46.1,784,25.360723828815633,0.0001
45.6,626,23.489295459403515,0.006161224489795919
44.7,424,23.059867105534455,0.0065653061224489806
42.3,214,24.55775698036864,0.00636326530612245
33.7,97,23.939425906788077,0.004948979591836736
35.6,287,25.064088467692574,0.004544897959183674
37.3,487,24.513840321108496,0.0001
39.0,670,30.47142078230878,0.0015142857142857145
40.7,823,26.0385256340705,0.0001
42.3,933,26.334331652693976,0.0001
43.7,982,22.58576786603698,0.0001
44.6,964,25.245286224060102,0.0001
45.1,887,29.210274699909576,0.0001
45.3,738,24.575384681121037,0.0001
44.1,396,24.644229557821916,0.006161224489795919
42.1,194,22.926462391043458,0.0065653061224489806
32.9,90,28.62523152940686,0.00333265306122449
35.300000000000004,279,24.74146138347641,0.004746938775510205
38.2,484,23.15130169268746,0.0001
40.8,674,23.63501510765165,0.0001
42.8,833,24.45196175172581,0.0001
44.400000000000006,946,26.384466651985722,0.0001
45.5,995,23.65383601466086,0.0001
46.0,979,24.234536555823794,0.0001
46.2,901,24.888624404517294,0.0001
45.900000000000006,774,25.1784647185267,0.0001
45.1,602,25.135558434331493,0.0001
43.900000000000006,403,26.857421717463694,0.005757142857142858
42.0,198,25.22418985172017,0.006161224489795919
36.3,267,24.129985932394682,0.005151020408163266
44.3,933,22.940609724386825,0.0001
45.5,938,22.508906413924652,0.0001
46.3,969,27.543633689152156,0.0001
46.5,896,23.01844313273792,0.0001
46.3,768,24.41840840292173,0.0001
45.7,597,26.172765062093998,0.0001
44.6,398,26.668582069323477,0.005959183673469389
42.8,195,20.956953678923327,0.006969387755102042
38.1,274,27.359092531033912,0.004746938775510205
40.8,484,34.40878579651981,0.0015142857142857145
42.6,680,26.798782424661496,0.0001
44.2,835,25.917124144921008,0.0001
45.5,941,28.385868626432714,0.0001
46.400000000000006,992,23.49237571915971,0.0001
47.0,982,23.724880723565747,0.0001
47.3,912,28.887825356332122,0.0001
47.1,786,25.922759674797323,0.0001
46.400000000000006,615,25.33278491371871,0.005959183673469389
45.2,414,23.684765300478976,0.0065653061224489806
43.0,206,24.7066522004623,0.00636326530612245
34.1,93,26.073234270579697,0.004544897959183674
37.4,287,19.813440806247606,0.006161224489795919
40.2,494,25.60187125604741,0.0001
42.2,685,20.159536404101296,0.0001
43.8,842,23.50911260279909,0.0001
45.2,950,24.712574039103526,0.0001
46.2,999,21.1042033271487,0.0001
46.8,984,25.60390410637371,0.0001
47.1,909,29.023207812606493,0.0001
46.900000000000006,783,23.653851798630733,0.0001
46.3,604,27.89755925044326,0.0001
45.3,412,22.479306631117204,0.006767346938775511
43.1,204,21.603882093938356,0.006969387755102042
34.4,93,25.311773828519172,0.004948979591836736
37.7,288,30.470190129974746,0.0035346938775510208
40.6,497,27.68333622414167,0.0001
42.6,690,21.84515560378723,0.0001
44.3,829,24.47444109380371,0.0001
47.3,993,23.51897687214241,0.0001
47.6,919,22.965306543339885,0.0001
47.6,792,27.065890260146126,0.0001
47.1,618,24.76760883369091,0.006161224489795919
46.2,416,26.215790898904505,0.00636326530612245
43.8,207,26.123794865278313,0.00636326530612245
33.9,92,21.318507642602604,0.005555102040816327
37.3,289,25.707527513438194,0.004948979591836736
40.8,498,27.337210088078773,0.0001
42.900000000000006,691,24.030981898593403,0.0001
44.5,849,24.70212687285279,0.0001
45.8,960,25.4079137962918,0.0001
46.900000000000006,1013,22.541357900184792,0.0001
47.8,1001,23.504416008125954,0.0001
48.3,928,24.477725688142005,0.0001
48.400000000000006,800,26.957881342782542,0.0001
48.0,624,20.347891909575857,0.006969387755102042
47.0,421,25.335813960687304,0.0065653061224489806
44.5,209,26.72759001095141,0.00636326530612245
32.4,86,24.25832338800717,0.004746938775510205
34.4,274,28.67550394085193,0.002928571428571429
36.9,485,28.070273702101943,0.00333265306122449
42.1,719,26.744211482547723,0.0001
41.400000000000006,379,22.657660207708417,0.006161224489795919
39.900000000000006,189,22.343123892942785,0.00636326530612245
31.8,77,22.195805561746056,0.004948979591836736
41.7,849,22.925011961018505,0.0001
40.900000000000006,733,21.69812071097385,0.0001
39.0,442,27.60954794732415,0.004342857142857144
40.900000000000006,652,26.369931304881636,0.0001
42.400000000000006,783,24.789562621419467,0.0001
45.1,893,24.253031898708098,0.0001
44.900000000000006,766,25.43847813593571,0.0001
44.400000000000006,593,22.31544361493232,0.006161224489795919
43.5,393,24.022294551599924,0.006161224489795919
41.6,189,21.66683939432021,0.006767346938775511
34.1,80,25.429398203082474,0.004746938775510205
37.4,269,25.918079537380393,0.004948979591836736
40.6,475,27.779249363940938,0.004544897959183674
46.2,970,25.30081926640633,0.0001
46.7,755,19.753882669711558,0.006767346938775511
45.1,388,20.09757841019251,0.0071714285714285725
43.2,185,30.19014345561323,0.005555102040816327
42.1,479,25.88663263703987,0.0001
44.1,672,28.357150163570843,0.0001
45.5,821,22.500804502395688,0.0001
47.400000000000006,991,23.416382247808595,0.0001
47.900000000000006,976,26.597569478630255,0.0001
48.0,900,24.751430987995697,0.0001
47.6,771,27.89972265832548,0.0001
46.900000000000006,597,26.014793102513067,0.005959183673469389
45.7,396,24.92845747177025,0.00636326530612245
43.400000000000006,188,22.090286083799224,0.006969387755102042
33.800000000000004,79,24.945026068586856,0.004948979591836736
37.4,271,21.24661156731938,0.005959183673469389
40.6,481,27.355305183982885,0.004746938775510205
42.6,674,22.46305070629293,0.0001
46.400000000000006,991,26.013951077193976,0.0001
47.2,906,22.851546594740615,0.0001
47.0,776,22.926224638481028,0.0001
46.3,600,25.092087793642943,0.006161224489795919
45.0,393,25.460452509113345,0.006161224489795919
42.7,183,24.03644106575892,0.0065653061224489806
34.6,74,23.1403295278566,0.005353061224489797
37.9,260,29.03273376734552,0.004342857142857144
41.1,463,20.761332126901603,0.006161224489795919
43.0,661,22.17633127518579,0.0001
44.3,819,28.341250219382868,0.0001
45.2,928,26.628409232082202,0.0001
44.8,737,27.200815515097364,0.0001
44.400000000000006,567,21.980330640642755,0.00636326530612245
43.900000000000006,369,25.253758085545687,0.006161224489795919
42.0,170,25.528077050446424,0.006161224489795919
37.3,245,26.9193558716805,0.004746938775510205
40.2,455,24.74874803376439,0.005353061224489797
42.5,634,21.14798685804252,0.0001
44.0,806,27.708886080113217,0.0001
45.1,917,23.29171183640801,0.0001
45.8,968,26.39757538754094,0.0001
46.2,958,26.337614549257232,0.0001
46.2,888,27.474728469676585,0.0001
46.0,732,26.763644482411173,0.0001
45.400000000000006,578,21.86436485708337,0.0065653061224489806
44.5,384,27.635383000678143,0.005757142857142858
42.400000000000006,179,27.485066096113297,0.005959183673469389
32.6,70,29.230067036385933,0.003130612244897959
35.0,244,27.852269829310185,0.003736734693877551
37.3,458,20.61762536030659,0.005555102040816327
39.1,641,24.681551358860325,0.0001
37.4,543,25.682498410202463,0.0001
37.3,370,28.663709919605854,0.003736734693877551
37.0,170,19.555517766370322,0.00636326530612245
39.7,373,24.179718092855353,0.005555102040816327
38.6,170,24.851305649616737,0.005757142857142858
30.8,247,26.077635968022587,0.002726530612244898
33.7,454,25.141185405568702,0.00333265306122449
36.6,647,26.070398179590278,0.0001
39.0,809,21.12438277454082,0.0001
40.7,922,25.998831255378814,0.0001
42.8,961,25.28132819267294,0.0001
43.2,855,24.17289565306872,0.0001
43.3,758,26.75953092935874,0.0001
43.0,586,25.35052373072324,0.0001
42.2,384,27.509271516959124,0.005353061224489797
40.3,177,28.01982074757575,0.005353061224489797
30.200000000000003,75,23.26463334462944,0.004342857142857144
33.9,276,24.1782053870449,0.004544897959183674
37.3,495,24.15204850700667,0.0001
39.5,697,24.32426130530283,0.0001
41.1,862,27.028017593052002,0.0001
42.3,975,24.148020485113324,0.0001
43.1,1030,25.988319707269383,0.0001
43.5,1017,24.23583201501459,0.0001
43.6,940,30.27976491477786,0.0001
43.3,806,27.013268048412243,0.0001
42.5,622,26.57582061107793,0.0001
41.2,410,22.799952222283594,0.005959183673469389
38.2,189,26.729354074377895,0.005151020408163266
28.3,74,26.603187692855705,0.0019183673469387757
32.1,277,22.184706270274223,0.004544897959183674
35.7,499,31.15156571531773,0.0001
38.5,704,19.479893335536882,0.0001
40.3,870,27.74029296114039,0.0001
41.6,983,24.48710803031535,0.0001
42.5,1035,26.02732951774593,0.0001
43.1,1021,21.64134796949348,0.0001
43.3,944,27.119681111385088,0.0001
43.2,807,26.033980193812685,0.0001
42.6,625,27.125612193679288,0.0001
41.5,410,21.299114241403483,0.00636326530612245
38.5,188,23.775693696735722,0.005757142857142858
28.8,72,23.993316957681934,0.003736734693877551
31.8,277,23.19421437804663,0.004140816326530613
35.2,500,28.273331777428258,0.0019183673469387757
38.6,706,28.674525629059197,0.002322448979591837
41.1,874,26.514259526788454,0.0001
42.6,991,22.56150541636534,0.0001
43.7,1044,27.95181704105095,0.0001
44.400000000000006,1029,25.249379789034467,0.0001
44.6,948,25.573163320316976,0.0001
44.2,811,28.942067528565083,0.0001
43.400000000000006,626,29.632200308283842,0.0001
42.0,410,26.73500148050107,0.005353061224489797
38.6,187,28.474946720671294,0.004746938775510205
29.6,69,18.19130862833397,0.005555102040816327
32.6,267,25.800799754608498,0.0035346938775510208
35.800000000000004,484,24.102421673646965,0.004342857142857144
38.8,684,18.741219591327734,0.0001
41.0,846,25.200077343601667,0.0001
42.5,959,19.70851539427773,0.0001
43.6,1011,23.649642165048732,0.0001
44.400000000000006,1000,20.055814797259657,0.0001
44.8,925,23.44080522212882,0.0001
44.7,789,28.73219331377364,0.0001
44.1,605,28.917159638793095,0.0001
42.8,390,26.81051900925458,0.005555102040816327
39.7,172,21.711763620168064,0.00636326530612245
30.200000000000003,64,23.396089342429953,0.004342857142857144
33.6,257,23.718924662053876,0.004544897959183674
37.3,470,23.222887024776814,0.0001
40.3,668,24.529151824170956,0.0001
42.0,816,25.010599184492538,0.0001
43.2,940,21.86563510239896,0.0001
44.0,987,27.277360295872626,0.0001
44.5,963,22.05909345473963,0.0001
44.5,893,22.934668378999586,0.0001
44.1,758,28.870531294362404,0.0001
43.2,578,18.044483333322383,0.006767346938775511
41.7,371,28.492952498907023,0.004948979591836736
39.3,162,23.641207150534207,0.005959183673469389
40.6,913,27.057202030759175,0.0001
41.6,962,20.038638381721935,0.0001
42.2,948,25.29886778203403,0.0001
42.400000000000006,838,26.518796195626585,0.0001
42.1,714,26.2188655530251,0.0001
33.6,245,23.40481116260664,0.004746938775510205
36.0,455,23.300503691768693,0.004746938775510205
37.9,650,22.931347205751905,0.0001
41.400000000000006,908,22.619896039100887,0.0001
40.900000000000006,866,19.90072465867355,0.0001
40.6,737,22.92046894348131,0.0001
40.3,563,24.605859116592956,0.0001
39.5,360,26.224124604406857,0.005151020408163266
37.8,154,22.53020727223283,0.005959183673469389
33.1,244,23.800814544962975,0.004342857142857144
35.300000000000004,456,23.889716652999542,0.004342857142857144
36.9,653,26.650677399158166,0.002928571428571429
38.0,816,28.449383169121994,0.0001
38.8,929,26.351772265994686,0.002322448979591837
39.3,981,27.221006134913637,0.0001
39.5,967,24.91350464980716,0.0001
39.6,891,21.30328281441013,0.0001
39.400000000000006,758,26.06390054323299,0.0001
38.8,578,27.09427024092269,0.003938775510204082
37.8,370,24.40185618611853,0.005151020408163266
35.9,158,29.412490086362975,0.003938775510204082
28.9,56,28.34427225507385,0.0001
31.4,247,25.152438426056385,0.00333265306122449
33.6,461,24.14856301023773,0.003736734693877551
35.4,661,31.177536073270762,0.0001
36.8,822,20.56317418582183,0.0001
37.9,933,28.206336353178052,0.0001
38.7,983,24.269732611021166,0.0001
28.8,54,23.751909388809864,0.003736734693877551
31.5,242,27.426471570601628,0.002322448979591837
34.300000000000004,456,21.449440869620663,0.004746938775510205
36.3,654,20.47602062235786,0.0001
37.7,818,25.66675122830474,0.0001
38.900000000000006,932,28.55125240264736,0.0001
39.8,984,23.512918789770513,0.0001
40.400000000000006,969,24.47828911875012,0.0001
40.7,891,25.43207130019423,0.0001
40.6,757,27.916666660398455,0.0001
40.1,576,28.506898681502904,0.003938775510204082
39.0,366,21.147067929267017,0.005959183673469389
36.9,154,22.204248054219416,0.005959183673469389
29.9,54,26.68823202007152,0.003130612244897959
32.9,245,22.314369202804386,0.004746938775510205
35.6,459,26.6889204462816,0.0035346938775510208
37.8,656,26.620804989457127,0.00333265306122449
39.5,816,26.29189644666992,0.0001
40.8,925,25.777952697618286,0.0001
41.7,975,24.67724096961946,0.0001
30.5,51,22.260020159869313,0.004746938775510205
33.4,240,25.900284496778852,0.003938775510204082
36.8,455,28.248762687361385,0.00333265306122449
39.400000000000006,653,24.691659017710684,0.0001
41.1,813,26.386471109726426,0.0001
42.3,923,24.645600240136396,0.0001
43.1,972,22.911050510408455,0.0001
43.7,957,25.235789718086462,0.0001
43.900000000000006,878,21.48234842166745,0.0001
43.7,742,23.981101739881325,0.0001
43.0,561,28.141278802126738,0.0001
42.8,774,25.67709513230985,0.0001
43.8,906,22.498889687257904,0.0001
44.5,955,22.182926620445908,0.0001
44.900000000000006,915,27.926010858632292,0.0001
44.900000000000006,847,25.51450846220018,0.0001
44.6,708,22.466127799707728,0.0001
36.6,423,27.422600283381723,0.003736734693877551
38.5,627,28.985052594147362,0.002726530612244898
42.5,339,23.539753565420707,0.006161224489795919
35.6,227,25.25394900427811,0.004746938775510205
38.400000000000006,438,25.050966196851572,0.004948979591836736
40.6,634,25.402750619461187,0.0001
42.400000000000006,799,26.111888997119777,0.0001
43.7,913,23.34917112435949,0.0001
44.7,961,24.32298226328068,0.0001
45.3,864,25.78724238393107,0.0001
45.1,729,25.25295647146872,0.0001
44.400000000000006,548,21.27693091165081,0.0065653061224489806
43.3,339,27.57488041976652,0.005757142857142858
41.1,131,22.115810893466175,0.0065653061224489806
39.400000000000006,782,23.96369317756221,0.0001
40.5,893,22.72675129946487,0.0001
27.4,645,24.39500041040134,0.0001
32.9,945,25.20145768743387,0.0001
33.300000000000004,863,26.811427511558954,0.0001
33.300000000000004,724,20.710027160592052,0.0001
32.9,540,25.110375874933048,0.002322448979591837
31.9,329,28.086791299741577,0.0001
30.0,121,23.44172837306223,0.004140816326530613
27.8,226,27.64101822187505,0.0001
30.3,442,26.583554590669834,0.0001
32.0,643,25.718557882814594,0.0001
33.300000000000004,806,26.42195962256815,0.0001
34.6,918,23.014964844912267,0.0015142857142857145
35.5,966,28.22412866986331,0.0001
36.2,948,20.340338489053988,0.0001
36.6,867,25.25791750906153,0.0019183673469387757
35.0,334,24.735827825979506,0.004342857142857144
30.4,217,25.27850414999692,0.003130612244897959
33.300000000000004,429,23.858850291436276,0.003736734693877551
35.6,627,28.281511485765055,0.0001
37.2,788,24.023353561974137,0.0001
38.6,896,26.64294657462808,0.002120408163265306
39.7,914,25.13139381421549,0.0001
40.400000000000006,928,23.11591991132929,0.0001
40.6,846,23.359054787096095,0.0001
40.5,708,26.631658954120994,0.0001
39.900000000000006,525,24.507837026259384,0.0001
38.6,317,25.04550845798375,0.005353061224489797
36.2,111,22.779905039083317,0.005757142857142858
31.3,205,24.574065905568254,0.003736734693877551
33.9,413,26.534519758976764,0.002928571428571429
36.2,611,27.06507637839056,0.002726530612244898
38.0,778,24.054431010720663,0.0001
39.400000000000006,896,23.938792657461054,0.0001
40.3,945,22.00980904894745,0.0001
40.900000000000006,928,29.372287245732267,0.0011102040816326532
41.0,846,21.632936615684383,0.0001
40.8,708,27.00610436401267,0.0001
40.2,526,26.940025770423915,0.004544897959183674
38.8,316,21.46573730624456,0.005959183673469389
36.1,110,23.76586067397007,0.005555102040816327
31.200000000000003,216,25.707130362230348,0.00333265306122449
34.7,430,29.121515916954372,0.001312244897959184
38.0,630,25.121045327602673,0.0001
40.0,794,22.59925077999698,0.0001
41.2,906,26.592421284543732,0.0001
42.0,957,21.60442265562012,0.0001
42.400000000000006,943,24.409324969107015,0.0001
42.5,864,30.211272132374,0.0001
42.1,726,22.225013867130897,0.0001
41.400000000000006,542,25.663509716276103,0.0001
39.5,329,24.61570004762934,0.005555102040816327
36.5,115,19.664478274193577,0.00636326530612245
31.6,225,26.48135584090415,0.002928571428571429
35.0,442,26.81159916047514,0.003130612244897959
38.6,642,28.25303844192491,0.003130612244897959
40.900000000000006,803,24.432301519958646,0.0001
42.0,912,21.569234177284063,0.0001
42.7,960,21.098874939888226,0.0001
43.2,943,25.02073587348072,0.0001
43.400000000000006,860,29.174408527555407,0.0001
43.1,721,26.424958835462775,0.0001
42.5,535,23.13527934676414,0.005959183673469389
40.6,321,27.524996103582815,0.005151020408163266
37.7,109,26.336813766700047,0.005353061224489797
32.2,216,27.534293715142336,0.002726530612244898
39.1,640,27.627727465197623,0.0001
41.3,801,26.29031976113628,0.0001
42.6,910,27.261773192708265,0.0001
43.6,958,27.937938574993453,0.0001
44.1,939,27.431393248267458,0.0001
44.3,855,24.840235329149262,0.0001
44.0,714,28.659686156554685,0.0001
43.3,527,17.744026231974157,0.006969387755102042
41.6,314,22.760650076812155,0.00636326530612245
39.1,104,26.14236702589704,0.005757142857142858
33.0,220,27.490975370369757,0.003130612244897959
36.7,440,20.165445400355694,0.005555102040816327
40.5,643,23.80235785210787,0.0001
42.7,808,25.658465410882165,0.0001
44.0,919,25.559258542609516,0.0001
44.8,967,27.64123172439125,0.0001
45.2,950,24.31248340617465,0.0001
45.2,865,23.930466041510666,0.0001
44.900000000000006,723,27.38620275259608,0.0001
44.1,535,22.829183869771985,0.006161224489795919
41.8,317,24.01788940328459,0.006161224489795919
38.7,103,24.18625950674525,0.005959183673469389
34.1,219,22.511884031265225,0.005151020408163266
37.5,438,24.804671106571366,0.004746938775510205
41.1,640,22.821762818210658,0.0001
43.400000000000006,803,24.034598288201664,0.0001
44.5,912,26.419048962894436,0.0001
45.3,957,23.430711937178312,0.0001
45.8,935,27.44923284882296,0.0001
45.900000000000006,847,24.132277251248674,0.0001
45.7,703,26.41801243117613,0.0001
45.0,514,25.630436754869315,0.005959183673469389
43.0,300,25.745949045212225,0.005959183673469389
39.900000000000006,94,24.37318092321124,0.006161224489795919
34.5,207,26.66280660450261,0.004140816326530613
37.4,420,24.577808011780352,0.004746938775510205
40.0,618,24.85882631575397,0.0001
41.7,778,26.60624014801855,0.0001
42.900000000000006,885,20.47804988145441,0.0001
43.7,932,22.847375270494474,0.0001
44.3,913,28.266230720526732,0.0001
44.5,829,19.76713823898594,0.0001
44.3,687,26.216041167486864,0.0001
43.6,501,22.555832650974963,0.00636326530612245
41.6,289,25.090528912029324,0.005959183673469389
38.5,86,23.08660780306359,0.006161224489795919
32.2,202,18.37498985092518,0.005555102040816327
40.3,774,29.287902930483803,0.0025244897959183677
41.0,876,28.08959746040731,0.0001
37.2,481,26.318553185363076,0.004140816326530613
36.5,265,22.27918591267934,0.005555102040816327
29.5,193,24.509746279259215,0.003130612244897959
34.300000000000004,753,25.070866022969767,0.0001
27.3,185,21.146776304018083,0.003736734693877551
29.0,392,19.64658501892621,0.003938775510204082
30.4,579,27.663272909717065,0.0001
33.800000000000004,853,30.660498737207927,0.0001
33.9,797,23.298583592494005,0.002120408163265306
33.7,656,26.180371602425627,0.0001
33.1,477,29.3605314191505,0.0001
30.6,74,27.853508022670603,0.002726530612244898
28.5,195,22.372440459864073,0.0035346938775510208
30.8,408,24.660851332665583,0.002322448979591837
32.5,608,25.202953985942326,0.0001
34.0,771,23.718863482849,0.002120408163265306
35.2,874,25.761395054692414,0.0001
36.0,893,21.29680309544548,0.0001
36.6,900,24.055111597194212,0.0001
36.8,823,23.44272763595653,0.0001
36.6,681,25.56485640997868,0.0001
35.800000000000004,492,30.63378560068659,0.0001
33.9,279,26.120952501488755,0.003736734693877551
31.0,75,25.388752990746852,0.003938775510204082
23.5,207,26.047801568054346,0.0001
26.200000000000003,428,23.789002074642248,0.0001
28.3,634,28.499671992233797,0.0001
29.9,798,30.22751070674218,0.0001
31.4,906,26.77391532566695,0.0001
32.6,954,26.785301721385753,0.0001
33.4,931,26.252372975696034,0.0001
33.9,843,24.715824987524158,0.0001
34.0,696,26.301424328321744,0.0001
33.7,503,23.26968466392807,0.003736734693877551
32.4,284,27.079177529032165,0.002726530612244898
30.6,75,26.38695297410113,0.00333265306122449
25.9,204,25.548335611350687,0.0001
29.200000000000003,425,28.6711654849826,0.0001
32.2,629,27.872244232047375,0.0001
33.800000000000004,796,25.23135612233037,0.0001
35.0,907,26.44901340428649,0.0001
35.800000000000004,951,26.007787416095358,0.0001
36.2,928,23.62599468197702,0.002322448979591837
36.2,838,24.558550432140425,0.0025244897959183677
35.9,691,21.51321008840103,0.0001
35.0,497,25.429329769552762,0.0035346938775510208
32.9,278,24.8616054239279,0.003938775510204082
29.8,71,26.73021022030068,0.002928571428571429
26.200000000000003,201,28.02581978301878,0.0001
29.3,421,26.059921033514648,0.0001
32.1,625,28.829887792930712,0.0001
33.800000000000004,792,22.661925100166783,0.0025244897959183677
35.1,902,26.72517126815815,0.0001
36.1,949,24.650289157356607,0.0001
36.8,926,25.61720604563665,0.0001
37.1,838,22.97250671973574,0.0001
36.9,691,29.32894332215874,0.0001
36.3,498,21.4424585070246,0.0001
34.1,278,26.89536973615943,0.0035346938775510208
31.1,69,24.771540728790317,0.004140816326530613
27.1,203,29.74975685873516,0.0001
30.0,424,28.421507064047532,0.0001
33.2,628,25.648202964790883,0.0001
35.800000000000004,790,24.75509716925037,0.0025244897959183677
37.4,899,22.18608572275452,0.0001
38.3,941,23.627908529461696,0.0001
38.900000000000006,916,24.26975279855636,0.0001
39.1,823,30.415662416758117,0.0001
38.900000000000006,672,27.14702432657624,0.0001
38.1,478,22.0503487932758,0.0001
35.7,260,24.383451794186332,0.004948979591836736
32.5,60,17.816629602087744,0.006161224489795919
30.5,185,30.30520820575738,0.0001
33.4,397,22.829598371383316,0.004342857142857144
36.4,596,25.8249640550126,0.0001
38.5,756,25.938384805439252,0.0001
39.8,863,21.854908530944446,0.0001
40.7,907,23.491649072932617,0.0001
41.3,882,26.86334924901786,0.0001
41.6,790,25.378925759687952,0.0001
41.400000000000006,645,28.04220080389118,0.0001
40.7,456,28.943708819036246,0.004342857142857144
38.400000000000006,246,24.97884118209776,0.005353061224489797
35.5,54,22.34429292074807,0.005757142857142858
31.1,184,27.514779986363504,0.002322448979591837
34.300000000000004,395,23.13392383754632,0.004544897959183674
37.6,592,19.015971360095797,0.0001
39.7,750,23.008968322130208,0.0001
41.2,855,29.318351126187757,0.0025244897959183677
42.1,898,27.018971851783792,0.0001
42.8,876,28.268432051730336,0.0001
43.1,786,22.782635359723585,0.0001
43.0,641,21.06739706579575,0.006161224489795919
42.400000000000006,452,25.27892448116952,0.005757142857142858
40.8,239,23.369751152223294,0.006161224489795919
30.0,175,20.829845570494193,0.004544897959183674
31.4,375,23.11178265387605,0.0035346938775510208
32.7,575,25.210020188527004,0.0015142857142857145
30.9,177,23.011574266969202,0.004342857142857144
32.9,381,23.505532136883904,0.003938775510204082
34.6,585,24.33001082265179,0.00333265306122449
36.1,745,27.706042468116905,0.0001
38.400000000000006,898,23.238530688750025,0.0001
39.0,874,26.096566943137923,0.0001
39.3,773,20.13624090311614,0.0001
39.1,622,24.191590646693378,0.0001
38.3,446,24.24062411279069,0.004948979591836736
36.2,233,23.504905841110013,0.005353061224489797
26.3,180,28.270775838654867,0.0001
29.5,396,20.202733201463474,0.003938775510204082
32.4,598,29.356380949970017,0.0001
34.6,760,21.95303203480043,0.0001
36.2,868,23.42215748702355,0.0001
37.4,911,23.543928254255366,0.0001
38.1,887,25.115699964199397,0.0001
38.3,795,22.97209126706834,0.0001
38.1,645,21.318623332447658,0.0001
37.5,451,24.45248059737935,0.004746938775510205
35.6,235,24.771248718770863,0.004948979591836736
26.8,174,30.587325747291967,0.0001
29.9,388,26.399215250410556,0.0001
32.800000000000004,588,21.3486429934491,0.0001
35.2,749,25.520441831658502,0.0017163265306122451
36.8,855,30.15804813794726,0.0001
37.8,897,30.01680437509054,0.0001
38.3,870,26.342653357591583,0.002322448979591837
38.400000000000006,778,23.37510416274966,0.0001
38.0,628,22.602982315958517,0.0001
37.2,435,26.76797478679573,0.004140816326530613
35.2,221,24.098458363084298,0.004948979591836736
28.3,169,24.272794132411665,0.002726530612244898
31.4,381,27.9486328476339,0.0001
34.2,579,22.076734988814852,0.0001
36.1,744,28.12186060065411,0.0001
37.3,855,24.54130335855826,0.0001
38.1,896,26.72578381190171,0.0015142857142857145
38.5,869,24.03577760929126,0.0001
38.6,778,20.527910700892356,0.0001
38.400000000000006,629,22.654669038987837,0.0001
37.8,436,23.89035947112298,0.004948979591836736
36.3,222,20.184234056279983,0.005959183673469389
29.4,175,22.47322772232007,0.003938775510204082
32.7,389,22.941583687885778,0.004140816326530613
35.7,590,26.892320313054828,0.0025244897959183677
37.4,749,21.22063775257031,0.0001
38.3,854,27.39753581170798,0.0017163265306122451
38.900000000000006,894,23.438934207837686,0.0001
39.2,868,24.467093260677945,0.0001
39.1,777,26.030359166599393,0.0001
38.7,625,20.431847045125423,0.0001
37.7,431,27.416277480534244,0.004140816326530613
35.4,215,22.583566508830717,0.005353061224489797
27.0,173,26.442042468927102,0.0001
29.9,392,25.88345613117671,0.0001
32.5,596,23.694777172536195,0.0025244897959183677
34.300000000000004,761,23.70582821387219,0.002322448979591837
35.5,871,24.057807863026184,0.0019183673469387757
36.3,912,22.63455494165784,0.0001
36.7,884,22.592420668791917,0.0001
36.7,790,26.02606839081211,0.002120408163265306
36.5,638,23.040956237243783,0.0001
35.800000000000004,441,26.503386338132152,0.003736734693877551
33.7,222,28.924951763610004,0.002928571428571429
25.5,173,24.705317180104718,0.0001
28.6,390,26.540582912899293,0.0001
31.5,592,23.981947548127053,0.001312244897959184
33.6,756,28.607766303427134,0.0001
35.0,863,25.76320922753456,0.0001
36.0,904,22.977346719525528,0.0001
36.6,876,26.136784947294526,0.0001
36.7,781,26.16677147905967,0.002120408163265306
36.4,628,28.960373175654308,0.0001
35.5,431,23.491789729500034,0.004544897959183674
33.300000000000004,214,26.372884759842393,0.003736734693877551
24.200000000000003,173,25.96229632413642,0.0001
27.700000000000003,393,24.27694394038535,0.0001
31.0,598,24.254653765708493,0.0001
33.5,763,22.63439781703741,0.0025244897959183677
35.1,870,22.308088477736455,0.0001
36.1,911,23.44431380282783,0.0001
36.6,884,24.080623772693563,0.0001
36.5,789,23.19856618005624,0.0001
36.0,634,23.636784150582283,0.0001
35.1,435,23.478767096329594,0.004342857142857144
32.5,215,25.29302100967729,0.003938775510204082
23.700000000000003,167,23.58266208876827,0.0001
26.8,385,28.83749158147216,0.0001
29.5,588,29.40908064542482,0.0001
31.3,753,25.555630274305976,0.0001
32.5,862,25.116923744132226,0.0001
33.2,906,28.665232962598182,0.0001
33.5,879,25.577528233436215,0.0001
33.5,782,24.38920496072983,0.0001
33.2,627,24.518825780994796,0.002120408163265306
32.5,427,26.845420844238717,0.0015142857142857145
30.5,206,26.83717543967202,0.002322448979591837
22.5,163,23.092455508244786,0.0001
25.700000000000003,381,21.92800195571519,0.0001
28.200000000000003,584,27.20734984338169,0.0001
30.1,748,25.519286049215207,0.0001
31.8,854,26.378271089076737,0.0001
33.2,894,25.978752530596413,0.0001
34.2,864,27.34869341876456,0.0001
34.6,767,24.986017050838925,0.001312244897959184
34.2,614,27.811550562096386,0.0001
33.0,415,25.25954261001309,0.003130612244897959
30.6,197,29.278217864304228,0.0001
28.1,371,25.968933277074395,0.0001
30.8,572,26.291745472954645,0.0001
32.5,735,25.552660962999475,0.0001
33.7,842,25.67026741001563,0.0001
34.6,884,27.970635165761674,0.0001
35.2,855,26.568066947228903,0.0001
35.5,759,26.189922417198748,0.0001
35.300000000000004,605,24.069051123587265,0.003736734693877551
34.7,407,22.063397585129938,0.004746938775510205
32.9,190,21.045022236491764,0.005151020408163266
23.8,164,27.46789621826731,0.0001
27.3,383,20.518848881204235,0.002928571428571429
31.0,588,28.264354683519365,0.0001
33.800000000000004,751,27.536606249889857,0.0001
35.4,857,28.509232261112437,0.0001
36.5,898,24.15232233956369,0.0025244897959183677
37.1,868,27.476432326158907,0.0001
37.3,770,20.87454718090051,0.0001
37.0,613,21.96118947010155,0.0001
36.1,412,25.343456663545016,0.004342857142857144
33.4,191,29.313450544658803,0.002726530612244898
24.9,163,23.03698783897439,0.0001
28.6,385,20.52205402915317,0.0035346938775510208
32.2,590,24.278379764683823,0.0019183673469387757
34.9,753,27.13898885180103,0.0001
36.3,857,21.687029762031234,0.0001
37.3,896,23.63289804638494,0.0001
37.8,864,25.84521110350022,0.0025244897959183677
37.8,766,25.50000437395679,0.0001
37.5,609,23.568458806532362,0.0001
36.5,406,23.262365003323204,0.004948979591836736
33.6,184,27.11612382479863,0.003736734693877551
23.8,163,27.16372950082301,0.0001
27.5,386,22.167502222757467,0.0017163265306122451
31.8,592,23.001668833656698,0.0025244897959183677
34.800000000000004,755,22.34386364240277,0.0001
36.5,860,19.357561521813352,0.0001
37.5,898,23.987981461905928,0.0001
38.2,865,29.208624304844072,0.0001
38.5,763,25.083415682382512,0.0001
38.2,604,26.536431038938122,0.0001
37.3,404,21.55589291527429,0.005555102040816327
35.300000000000004,180,23.985929339507315,0.005151020408163266
24.700000000000003,160,26.162801586028294,0.0001
28.200000000000003,383,26.78536906533346,0.0001
31.5,590,21.030638804008394,0.0001
34.7,738,26.962119417021356,0.0001
24.1,155,27.800983979573644,0.0001
27.1,374,23.13036602272165,0.0001
30.200000000000003,579,18.794846121069856,0.0001
33.1,743,22.502314766519483,0.0025244897959183677
35.2,848,28.905903515148303,0.0001
36.4,886,21.344760812651092,0.0001
37.2,854,22.96126827473394,0.0001
37.4,754,26.737357218945412,0.0025244897959183677
37.1,595,26.474780756009867,0.0001
36.0,392,27.500371623879545,0.0035346938775510208
32.6,170,22.852487034143866,0.004746938775510205
23.3,150,25.12114389220153,0.0001
26.5,368,28.096573800764073,0.0001
29.9,571,23.434714583416884,0.0001
32.5,732,28.028082403618814,0.0001
34.2,836,24.67555869814524,0.0001
35.300000000000004,873,24.105643621645658,0.0017163265306122451
36.0,840,28.796518654195562,0.0001
36.2,740,20.702105220582208,0.0001
35.9,581,24.499284577963785,0.0001
34.800000000000004,379,23.7366233593103,0.004544897959183674
31.9,161,25.512907056376356,0.003938775510204082
22.200000000000003,338,26.47910355196036,0.0001
23.9,548,25.635632820940163,0.0001
28.1,808,24.106876326471614,0.0001
29.0,808,24.880021161955135,0.0001
29.3,706,26.38237135704606,0.0001
28.9,549,23.666585333795116,0.0001
27.700000000000003,349,25.73168078500182,0.0001
